State,ALMACÉN,PECOSA,PRODUCTO,FECHA,CANTIDAD,Unit,Doses
AREQUIPA,GERESA AREQUIPA,22454,IVERMECTINA 6 mg/mL SOL 5 mL,09/11/2020,800,30,2000
AREQUIPA,GERESA AREQUIPA,22455,IVERMECTINA 6 mg/mL SOL 5 mL,09/11/2020,800,30,2000
AREQUIPA,GERESA AREQUIPA,22456,IVERMECTINA 6 mg/mL SOL 5 mL,09/11/2020,800,30,2000
AREQUIPA,GERESA AREQUIPA,20713,IVERMECTINA 6 mg/mL SOL 5 mL,20/10/2020,1500,30,3750
AREQUIPA,GERESA AREQUIPA,20714,IVERMECTINA 6 mg/mL SOL 5 mL,20/10/2020,1500,30,3750
AREQUIPA,GERESA AREQUIPA,20715,IVERMECTINA 6 mg/mL SOL 5 mL,20/10/2020,1700,30,4250
AREQUIPA,GERESA AREQUIPA,18731,IVERMECTINA 6 mg/mL SOL 5 mL,21/09/2020,600,30,1500
AREQUIPA,RED DE SALUD CAMANÁ,22448,IVERMECTINA 6 mg/mL SOL 5 mL,09/11/2020,1000,30,2500
JUNIN,DIRESA  JUNIN,22450,IVERMECTINA 6 mg/mL SOL 5 mL,09/11/2020,1200,30,3000
JUNIN,DIRESA  JUNIN,20823,IVERMECTINA 6 mg/mL SOL 5 mL,21/10/2020,497,30,1242.5
JUNIN,DIRESA  JUNIN,20824,IVERMECTINA 6 mg/mL SOL 5 mL,21/10/2020,340,30,850
JUNIN,DIRESA  JUNIN,20836,IVERMECTINA 6 mg/mL SOL 5 mL,21/10/2020,1454,30,3635
JUNIN,R.S. CHANCHAMAYO,22449,IVERMECTINA 6 mg/mL SOL 5 mL,09/11/2020,2000,30,5000
JUNIN,R.S. CHANCHAMAYO,20829,IVERMECTINA 6 mg/mL SOL 5 mL,21/10/2020,378,30,945
TACNA,DIRESA  TACNA,22458,IVERMECTINA 6 mg/mL SOL 5 mL,09/11/2020,400,30,1000
TACNA,DIRESA  TACNA,22459,IVERMECTINA 6 mg/mL SOL 5 mL,09/11/2020,500,30,1250
TACNA,DIRESA  TACNA,22460,IVERMECTINA 6 mg/mL SOL 5 mL,09/11/2020,900,30,2250
TACNA,DIRESA  TACNA,19163,IVERMECTINA 6 mg/mL SOL 5 mL,25/09/2020,4050,30,10125
TACNA,DIRESA  TACNA,18717,IVERMECTINA 6 mg/mL SOL 5 mL,21/09/2020,300,30,750
TACNA,DIRESA  TACNA,18718,IVERMECTINA 6 mg/mL SOL 5 mL,21/09/2020,300,30,750
TACNA,DIRESA  TACNA,18730,IVERMECTINA 6 mg/mL SOL 5 mL,21/09/2020,900,30,2250
LIMA,DIRIS_LIMA_SUR,22457,IVERMECTINA 6 mg/mL SOL 5 mL,09/11/2020,1000,30,2500
LIMA,DIRIS_LIMA_SUR,22461,IVERMECTINA 6 mg/mL SOL 5 mL,09/11/2020,1000,30,2500
SAN MARTIN,DIRESA  SAN MARTIN - TARAPOTO,21468,IVERMECTINA 6 mg/mL SOL 5 mL,28/10/2020,280,30,700
SAN MARTIN,DIRESA  SAN MARTIN - TARAPOTO,21352,IVERMECTINA 6 mg/mL SOL 5 mL,27/10/2020,500,30,1250
SAN MARTIN,DIRESA  SAN MARTIN - TARAPOTO,21142,IVERMECTINA 6 mg/mL SOL 5 mL,26/10/2020,270,30,675
SAN MARTIN,DIRESA  SAN MARTIN - TARAPOTO,21194,IVERMECTINA 6 mg/mL SOL 5 mL,26/10/2020,500,30,1250
SAN MARTIN,DIRESA  SAN MARTIN - TARAPOTO,21200,IVERMECTINA 6 mg/mL SOL 5 mL,26/10/2020,700,30,1750
SAN MARTIN,DIRESA  SAN MARTIN - TARAPOTO,21202,IVERMECTINA 6 mg/mL SOL 5 mL,26/10/2020,875,30,2187.5
SAN MARTIN,DIRESA  SAN MARTIN - TARAPOTO,20818,IVERMECTINA 6 mg/mL SOL 5 mL,21/10/2020,493,30,1232.5
SAN MARTIN,DIRESA  SAN MARTIN - TARAPOTO,20833,IVERMECTINA 6 mg/mL SOL 5 mL,21/10/2020,1141,30,2852.5
SAN MARTIN,DIRECCIÓN SUB REGIONAL DE SALUD ALTO MAYO,21143,IVERMECTINA 6 mg/mL SOL 5 mL,26/10/2020,200,30,500
SAN MARTIN,DIRECCIÓN SUB REGIONAL DE SALUD ALTO MAYO,21160,IVERMECTINA 6 mg/mL SOL 5 mL,26/10/2020,350,30,875
SAN MARTIN,DIRECCIÓN SUB REGIONAL DE SALUD ALTO MAYO,20834,IVERMECTINA 6 mg/mL SOL 5 mL,21/10/2020,714,30,1785
LORERO,RED DE SALUD DATEM DEL MARAÑON,21193,IVERMECTINA 6 mg/mL SOL 5 mL,26/10/2020,500,30,1250
LORERO,RED DE SALUD DATEM DEL MARAÑON,20831,IVERMECTINA 6 mg/mL SOL 5 mL,21/10/2020,293,30,732.5
LIMA,DIRIS_LIMA_NORTE,21188,IVERMECTINA 6 mg/mL SOL 5 mL,26/10/2020,1225,30,3062.5
LIMA,DIRIS_LIMA_NORTE,19783,IVERMECTINA 6 mg/mL SOL 5 mL,03/10/2020,2500,30,6250
LIMA,DIRIS_LIMA_ESTE,21189,IVERMECTINA 6 mg/mL SOL 5 mL,26/10/2020,1225,30,3062.5
LIMA,DIRIS_LIMA_ESTE,20717,IVERMECTINA 6 mg/mL SOL 5 mL,20/10/2020,2000,30,5000
LA LIBERTAD,GERESA  LA LIBERTAD,21190,IVERMECTINA 6 mg/mL SOL 5 mL,26/10/2020,875,30,2187.5
LA LIBERTAD,GERESA  LA LIBERTAD,20118,IVERMECTINA 6 mg/mL SOL 5 mL,09/10/2020,1400,30,3500
LA LIBERTAD,GERESA  LA LIBERTAD,20119,IVERMECTINA 6 mg/mL SOL 5 mL,09/10/2020,2450,30,6125
ANCASH,RED DE SALUD  PACIFICO NORTE - ANCASH,21196,IVERMECTINA 6 mg/mL SOL 5 mL,26/10/2020,1750,30,4375
ANCASH,RED DE SALUD PACIFICO SUR -  ANCASH,21198,IVERMECTINA 6 mg/mL SOL 5 mL,26/10/2020,1050,30,2625
AYACUCHO,DIRESA  AYACUCHO,21025,IVERMECTINA 6 mg/mL SOL 5 mL,23/10/2020,500,30,1250
AYACUCHO,DIRESA  AYACUCHO,21025,IVERMECTINA 6 mg/mL SOL 5 mL,23/10/2020,700,30,1750
AYACUCHO,DIRESA  AYACUCHO,20113,IVERMECTINA 6 mg/mL SOL 5 mL,09/10/2020,500,30,1250
AYACUCHO,DIRESA  AYACUCHO,20114,IVERMECTINA 6 mg/mL SOL 5 mL,09/10/2020,500,30,1250
AYACUCHO,DIRESA  AYACUCHO,20115,IVERMECTINA 6 mg/mL SOL 5 mL,09/10/2020,350,30,875
AYACUCHO,DIRESA  AYACUCHO,20116,IVERMECTINA 6 mg/mL SOL 5 mL,09/10/2020,200,30,500
AYACUCHO,DIRESA  AYACUCHO,19776,IVERMECTINA 6 mg/mL SOL 5 mL,02/10/2020,600,30,1500
APURIMAC,DIRESA  APURIMAC,19782,IVERMECTINA 6 mg/mL SOL 5 mL,03/10/2020,1500,30,3750
APURIMAC,DIRESA  APURIMAC,19246,IVERMECTINA 6 mg/mL SOL 5 mL,25/09/2020,600,30,1500
APURIMAC,DIRESA  APURIMAC,19246,IVERMECTINA 6 mg/mL SOL 5 mL,25/09/2020,200,30,500
APURIMAC,DIRESA  APURIMAC,19246,IVERMECTINA 6 mg/mL SOL 5 mL,25/09/2020,500,30,1250
APURIMAC,DIRESA  APURIMAC,19247,IVERMECTINA 6 mg/mL SOL 5 mL,25/09/2020,800,30,2000
HUANCAVELICA,DIRESA  HUANCAVELICA,21026,IVERMECTINA 6 mg/mL SOL 5 mL,23/10/2020,1200,30,3000
HUANCAVELICA,DIRESA  HUANCAVELICA,20117,IVERMECTINA 6 mg/mL SOL 5 mL,09/10/2020,1750,30,4375
HUANCAVELICA,DIRESA  HUANCAVELICA,19252,IVERMECTINA 6 mg/mL SOL 5 mL,28/09/2020,250,30,625
HUANCAVELICA,DIRESA  HUANCAVELICA,19261,IVERMECTINA 6 mg/mL SOL 5 mL,28/09/2020,200,30,500
HUANCAVELICA,DIRESA  HUANCAVELICA,19242,IVERMECTINA 6 mg/mL SOL 5 mL,25/09/2020,500,30,1250
HUANCAVELICA,DIRESA  HUANCAVELICA,19243,IVERMECTINA 6 mg/mL SOL 5 mL,25/09/2020,700,30,1750
HUANUCO,DIRESA  HUANUCO,20845,IVERMECTINA 6 mg/mL SOL 5 mL,21/10/2020,424,30,1060
CUSCO,DIRESA  CUSCO,20844,IVERMECTINA 6 mg/mL SOL 5 mL,21/10/2020,670,30,1675
CUSCO,DIRESA  CUSCO,19779,IVERMECTINA 6 mg/mL SOL 5 mL,03/10/2020,1500,30,3750
CUSCO,DIRESA  CUSCO,19780,IVERMECTINA 6 mg/mL SOL 5 mL,03/10/2020,1500,30,3750
CUSCO,DIRESA  CUSCO,19781,IVERMECTINA 6 mg/mL SOL 5 mL,03/10/2020,2000,30,5000
CUSCO,RED DE SALUD KIMBIRI -  PICHARI  - CUSCO,20828,IVERMECTINA 6 mg/mL SOL 5 mL,21/10/2020,306,30,765
CAJAMARCA,RED DE SALUD SAN IGNACIO,20827,IVERMECTINA 6 mg/mL SOL 5 mL,21/10/2020,17,30,42.5
AMAZONAS,RED DE SALUD BAGUA,20825,IVERMECTINA 6 mg/mL SOL 5 mL,21/10/2020,505,30,1262.5
AMAZONAS,RED DE SALUD BAGUA,20719,IVERMECTINA 6 mg/mL SOL 5 mL,20/10/2020,772,30,1930
AMAZONAS,RED DE SALUD BAGUA,20719,IVERMECTINA 6 mg/mL SOL 5 mL,20/10/2020,220,30,550
AMAZONAS,RED DE SALUD BAGUA,20719,IVERMECTINA 6 mg/mL SOL 5 mL,20/10/2020,508,30,1270
AMAZONAS,RED DE SALUD BAGUA,20720,IVERMECTINA 6 mg/mL SOL 5 mL,20/10/2020,550,30,1375
AMAZONAS,RED DE SALUD BAGUA,20720,IVERMECTINA 6 mg/mL SOL 5 mL,20/10/2020,150,30,375
AMAZONAS,RED DE SALUD CONDORCANQUI,20826,IVERMECTINA 6 mg/mL SOL 5 mL,21/10/2020,616,30,1540
UCAYALI,DIRESA  UCAYALI,20817,IVERMECTINA 6 mg/mL SOL 5 mL,21/10/2020,450,30,1125
UCAYALI,DIRESA  UCAYALI,20817,IVERMECTINA 6 mg/mL SOL 5 mL,21/10/2020,30,30,75
UCAYALI,DIRESA  UCAYALI,20835,IVERMECTINA 6 mg/mL SOL 5 mL,21/10/2020,369,30,922.5
UCAYALI,DIRESA  UCAYALI,20837,IVERMECTINA 6 mg/mL SOL 5 mL,21/10/2020,244,30,610
UCAYALI,DIRESA  UCAYALI,20838,IVERMECTINA 6 mg/mL SOL 5 mL,21/10/2020,458,30,1145
LORETO,DIRESA  LORETO,20821,IVERMECTINA 6 mg/mL SOL 5 mL,21/10/2020,341,30,852.5
LORETO,DIRESA  LORETO,20822,IVERMECTINA 6 mg/mL SOL 5 mL,21/10/2020,526,30,1315
LORETO,DIRESA  LORETO,20830,IVERMECTINA 6 mg/mL SOL 5 mL,21/10/2020,1645,30,4112.5
MADRE DE DIOS,DIRESA  MADRE DE DIOS,20820,IVERMECTINA 6 mg/mL SOL 5 mL,21/10/2020,385,30,962.5
PASCO,DIRESA  PASCO,20819,IVERMECTINA 6 mg/mL SOL 5 mL,21/10/2020,645,30,1612.5
PASCO,DIRESA  PASCO,19777,IVERMECTINA 6 mg/mL SOL 5 mL,03/10/2020,1500,30,3750
PASCO,DIRESA  PASCO,19778,IVERMECTINA 6 mg/mL SOL 5 mL,03/10/2020,1500,30,3750
PASCO,DIRESA  PASCO,19756,IVERMECTINA 6 mg/mL SOL 5 mL,02/10/2020,45,30,112.5
PASCO,DIRESA  PASCO,19756,IVERMECTINA 6 mg/mL SOL 5 mL,02/10/2020,27,30,67.5
PASCO,DIRESA  PASCO,19756,IVERMECTINA 6 mg/mL SOL 5 mL,02/10/2020,528,30,1320
LORETO,RED DE SALUD UCAYALI-CONTAMANA  - LORETO,20832,IVERMECTINA 6 mg/mL SOL 5 mL,21/10/2020,342,30,855
PUNO,DIRESA  PUNO,20711,IVERMECTINA 6 mg/mL SOL 5 mL,20/10/2020,2000,30,5000
PUNO,DIRESA  PUNO,20712,IVERMECTINA 6 mg/mL SOL 5 mL,20/10/2020,800,30,2000
PUNO,DIRESA  PUNO,19244,IVERMECTINA 6 mg/mL SOL 5 mL,25/09/2020,1000,30,2500
PUNO,DIRESA  PUNO,19245,IVERMECTINA 6 mg/mL SOL 5 mL,25/09/2020,1000,30,2500
LIMA,DIRIS_LIMA_CENTRO,19248,IVERMECTINA 6 mg/mL SOL 5 mL,25/09/2020,2000,30,5000
AMAZONAS,RED DE SALUD UTCUBAMBA,20718,IVERMECTINA 6 mg/mL SOL 5 mL,20/10/2020,2000,30,5000
AREQUIPA,GERESA AREQUIPA,18732,IVERMECTINA 6 mg/mL SOL 5 mL,21/09/2020,900,30,2250
AREQUIPA,GERESA AREQUIPA,18744,IVERMECTINA 6 mg/mL SOL 5 mL,21/09/2020,1200,30,3000
LA LIBERTAD,GERESA  LA LIBERTAD,18736,IVERMECTINA 6 mg/mL SOL 5 mL,21/09/2020,800,30,2000
LA LIBERTAD,GERESA  LA LIBERTAD,18759,IVERMECTINA 6 mg/mL SOL 5 mL,21/09/2020,600,30,1500
LAMBAYEQUE,DIRESA  LAMBAYEQUE,18713,IVERMECTINA 6 mg/mL SOL 5 mL,21/09/2020,300,30,750
LAMBAYEQUE,DIRESA  LAMBAYEQUE,18742,IVERMECTINA 6 mg/mL SOL 5 mL,21/09/2020,1200,30,3000
LAMBAYEQUE,DIRESA  LAMBAYEQUE,18746,IVERMECTINA 6 mg/mL SOL 5 mL,21/09/2020,1200,30,3000
LORETO,DIRESA  LORETO,18550,IVERMECTINA 6 mg/mL SOL 5 mL,16/09/2020,500,30,1250
MOQUEGUA,DIRESA  MOQUEGUA,18412,IVERMECTINA 6 mg/mL SOL 5 mL,15/09/2020,3000,30,7500
MOQUEGUA,RED ILO,18023,IVERMECTINA 6 mg/mL SOL 5 mL,14/09/2020,3000,30,7500
LORETO,DIRESA  LORETO,17940,IVERMECTINA 6 mg/mL SOL 5 mL,14/09/2020,6000,30,15000
PIURA,DIRESA  PIURA II -  SULLANA,18019,IVERMECTINA 6 mg/mL SOL 5 mL,14/09/2020,3000,30,7500
PIURA,DIRESA  PIURA II -  SULLANA,18020,IVERMECTINA 6 mg/mL SOL 5 mL,14/09/2020,3000,30,7500
CUSCO,DIRESA  CUSCO,17879,IVERMECTINA 6 mg/mL SOL 5 mL,12/09/2020,400,30,1000
AYACUCHO,DIRESA  AYACUCHO,17598,IVERMECTINA 6 mg/mL SOL 5 mL,10/09/2020,1000,30,2500
AYACUCHO,DIRESA  AYACUCHO,17599,IVERMECTINA 6 mg/mL SOL 5 mL,10/09/2020,2000,30,5000
MOQUEGUA,DIRESA  MOQUEGUA,17597,IVERMECTINA 6 mg/mL SOL 5 mL,10/09/2020,5000,30,12500
MADRE DE DIOS,DIRESA  MADRE DE DIOS,17382,IVERMECTINA 6 mg/mL SOL 5 mL,08/09/2020,2000,30,5000
LIMA,DIRIS_LIMA_NORTE,17384,IVERMECTINA 6 mg/mL SOL 5 mL,08/09/2020,3000,30,7500
FUERZA AEREA DEL PERU,FUERZA AEREA DEL PERU,17381,IVERMECTINA 6 mg/mL SOL 5 mL,08/09/2020,3000,30,7500
CAJAMARCA,RED DE SALUD SAN IGNACIO,17349,IVERMECTINA 6 mg/mL SOL 5 mL,08/09/2020,245,30,612.5
ANCASH,RED DE SALUD PACIFICO SUR -  ANCASH,17383,IVERMECTINA 6 mg/mL SOL 5 mL,08/09/2020,2500,30,6250
ANCASH,RED DE SALUD PACIFICO SUR -  ANCASH,17475,IVERMECTINA 6 mg/mL SOL 5 mL,08/09/2020,2500,30,6250
AMAZONAS,RED DE SALUD BAGUA,17350,IVERMECTINA 6 mg/mL SOL 5 mL,08/09/2020,740,30,1850
AMAZONAS,RED DE SALUD BAGUA,17351,IVERMECTINA 6 mg/mL SOL 5 mL,08/09/2020,345,30,862.5
AMAZONAS,RED DE SALUD BAGUA,17469,IVERMECTINA 6 mg/mL SOL 5 mL,08/09/2020,1200,30,3000
APURIMAC,DIRESA  APURIMAC,16409,IVERMECTINA 6 mg/mL SOL 5 mL,02/09/2020,3000,30,7500
AREQUIPA,GERESA AREQUIPA,16395,IVERMECTINA 6 mg/mL SOL 5 mL,02/09/2020,4500,30,11250
LA LIBERTAD,GERESA  LA LIBERTAD,16396,IVERMECTINA 6 mg/mL SOL 5 mL,02/09/2020,4300,30,10750
LA LIBERTAD,GERESA  LA LIBERTAD,16422,IVERMECTINA 6 mg/mL SOL 5 mL,02/09/2020,8600,30,21500
AYACUCHO,DIRESA  AYACUCHO,16380,IVERMECTINA 6 mg/mL SOL 5 mL,01/09/2020,200,30,500
LIMA,DIRIS_LIMA_NORTE,16359,IVERMECTINA 6 mg/mL SOL 5 mL,01/09/2020,2000,30,5000
LIMA,1572 - HOSPITAL DOCENTE MADRE NIÑO-SAN BARTOLOME,16360,IVERMECTINA 6 mg/mL SOL 5 mL,01/09/2020,400,30,1000
LIMA,1585 - HOSPITAL DE HUAYCAN,16167,IVERMECTINA 6 mg/mL SOL 5 mL,30/08/2020,3000,30,7500
LIMA,1563 - INSTITUTO NACIONAL DE SALUD DEL NIÑO,15826,IVERMECTINA 6 mg/mL SOL 5 mL,28/08/2020,600,30,1500
MOQUEGUA,DIRESA  MOQUEGUA,15828,IVERMECTINA 6 mg/mL SOL 5 mL,28/08/2020,2000,30,5000
PUNO,DIRESA  PUNO,15827,IVERMECTINA 6 mg/mL SOL 5 mL,28/08/2020,4575,30,11437.5
PUNO,DIRESA  PUNO,15827,IVERMECTINA 6 mg/mL SOL 5 mL,28/08/2020,8517,30,21292.5
PUNO,DIRESA  PUNO,15827,IVERMECTINA 6 mg/mL SOL 5 mL,28/08/2020,1908,30,4770
PASCO,DIRESA  PASCO,15417,IVERMECTINA 6 mg/mL SOL 5 mL,26/08/2020,200,30,500
PASCO,DIRESA  PASCO,15418,IVERMECTINA 6 mg/mL SOL 5 mL,26/08/2020,100,30,250
LIMA,DIRECCION REGIONAL DE SALUD LIMA,15150,IVERMECTINA 6 mg/mL SOL 5 mL,24/08/2020,7000,30,17500
LIMA,DIRECCION REGIONAL DE SALUD LIMA,15151,IVERMECTINA 6 mg/mL SOL 5 mL,24/08/2020,9000,30,22500
LIMA,DIRECCION REGIONAL DE SALUD LIMA,15152,IVERMECTINA 6 mg/mL SOL 5 mL,24/08/2020,16000,30,40000
LORETO,DIRESA  LORETO,14897,IVERMECTINA 6 mg/mL SOL 5 mL,21/08/2020,200,30,500
LORETO,DIRESA  LORETO,14686,IVERMECTINA 6 mg/mL SOL 5 mL,18/08/2020,3000,30,7500
TACNA,DIRESA  TACNA,14694,IVERMECTINA 6 mg/mL SOL 5 mL,18/08/2020,3500,30,8750
ICA,DIRESA  ICA,14684,IVERMECTINA 6 mg/mL SOL 5 mL,18/08/2020,8500,30,21250
CUSCO,DIRESA  CUSCO,14702,IVERMECTINA 6 mg/mL SOL 5 mL,18/08/2020,5000,30,12500
AYACUCHO,DIRESA  AYACUCHO,14688,IVERMECTINA 6 mg/mL SOL 5 mL,18/08/2020,5000,30,12500
FFAA,SANIDAD DEL CUARTEL GENERAL DE LA FAP,14690,IVERMECTINA 6 mg/mL SOL 5 mL,18/08/2020,2000,30,5000
LIMA,SISTEMA METROPOLITANO DE LA SOLIDARIDAD-SISOL,14547,IVERMECTINA 6 mg/mL SOL 5 mL,17/08/2020,20000,30,50000
MOQUEGUA,DIRESA  MOQUEGUA,14040,IVERMECTINA 6 mg/mL SOL 5 mL,13/08/2020,3000,30,7500
LIMA,DIRIS_LIMA_NORTE,13734,IVERMECTINA 6 mg/mL SOL 5 mL,12/08/2020,800,30,2000
HUANUCO,DIRESA  HUANUCO,13765,IVERMECTINA 6 mg/mL SOL 5 mL,12/08/2020,7000,30,17500
HUANUCO,DIRESA  HUANUCO,13766,IVERMECTINA 6 mg/mL SOL 5 mL,12/08/2020,5000,30,12500
PUNO,DIRESA  PUNO,13669,IVERMECTINA 6 mg/mL SOL 5 mL,11/08/2020,10000,30,25000
PUNO,DIRESA  PUNO,13670,IVERMECTINA 6 mg/mL SOL 5 mL,11/08/2020,15000,30,37500
MOQUEGUA,DIRESA  MOQUEGUA,13320,IVERMECTINA 6 mg/mL SOL 5 mL,10/08/2020,5000,30,12500
UCAYALI,DIRESA  UCAYALI,12972,IVERMECTINA 6 mg/mL SOL 5 mL,07/08/2020,500,30,1250
LIMA,1551 - HOSPITAL NACIONAL ARZOBISPO LOAYZA,12814,IVERMECTINA 6 mg/mL SOL 5 mL,06/08/2020,1000,30,2500
UCAYALI,DIRESA  UCAYALI,12780,IVERMECTINA 6 mg/mL SOL 5 mL,06/08/2020,1000,30,2500
LIMA,1567 - HOSPITAL MARIA AUXILIADORA,12824,IVERMECTINA 6 mg/mL SOL 5 mL,06/08/2020,1000,30,2500
LIMA,1568 - HOSPITAL DE APOYO SANTA ROSA,12812,IVERMECTINA 6 mg/mL SOL 5 mL,06/08/2020,500,30,1250
LIMA,1569- HOSPITAL DE EMERGENCIAS CASIMIRO ULLOA,12813,IVERMECTINA 6 mg/mL SOL 5 mL,06/08/2020,1000,30,2500
LIMA,1570 - HOSPITAL DE EMERGENCIAS PEDIATRICAS,12816,IVERMECTINA 6 mg/mL SOL 5 mL,06/08/2020,500,30,1250
LIMA,DIRIS_LIMA_NORTE,12789,IVERMECTINA 6 mg/mL SOL 5 mL,06/08/2020,23000,30,57500
LIMA,DIRIS_LIMA_ESTE,12788,IVERMECTINA 6 mg/mL SOL 5 mL,06/08/2020,16000,30,40000
LIMA,DIRIS_LIMA_SUR,12790,IVERMECTINA 6 mg/mL SOL 5 mL,06/08/2020,16000,30,40000
LIMA,1585 - HOSPITAL DE HUAYCAN,12817,IVERMECTINA 6 mg/mL SOL 5 mL,06/08/2020,2300,30,5750
LIMA,DIRIS_LIMA_CENTRO,12787,IVERMECTINA 6 mg/mL SOL 5 mL,06/08/2020,18000,30,45000
LIMA,1573 - HOSPITAL CARLOS LANFRANCO LA HOZ,12821,IVERMECTINA 6 mg/mL SOL 5 mL,06/08/2020,1000,30,2500
LIMA,1581 - HOSPITAL SAN JUAN DE LURIGANCHO,12818,IVERMECTINA 6 mg/mL SOL 5 mL,06/08/2020,500,30,1250
LIMA,1584 - INSTITUTO NACIONAL DE SALUD DEL NIÑO - SAN,12826,IVERMECTINA 6 mg/mL SOL 5 mL,06/08/2020,600,30,1500
LIMA,1584 - INSTITUTO NACIONAL DE SALUD DEL NIÑO - SAN,12826,IVERMECTINA 6 mg/mL SOL 5 mL,06/08/2020,600,30,1500
MOQUEGUA,DIRESA  MOQUEGUA,12827,IVERMECTINA 6 mg/mL SOL 5 mL,06/08/2020,1950,30,4875
MOQUEGUA,DIRESA  MOQUEGUA,12827,IVERMECTINA 6 mg/mL SOL 5 mL,06/08/2020,50,30,125
PASCO,DIRESA  PASCO,12784,IVERMECTINA 6 mg/mL SOL 5 mL,06/08/2020,10000,30,25000
PASCO,DIRESA  PASCO,12785,IVERMECTINA 6 mg/mL SOL 5 mL,06/08/2020,7000,30,17500
LORETO,DIRESA  LORETO,12771,IVERMECTINA 6 mg/mL SOL 5 mL,06/08/2020,2000,30,5000
MADRE DE DIOS,DIRESA  MADRE DE DIOS,12773,IVERMECTINA 6 mg/mL SOL 5 mL,06/08/2020,10000,30,25000
PUNO,DIRESA  PUNO,12776,IVERMECTINA 6 mg/mL SOL 5 mL,06/08/2020,18000,30,45000
TACNA,DIRESA  TACNA,12777,IVERMECTINA 6 mg/mL SOL 5 mL,06/08/2020,18000,30,45000
SAN MARTIN,DIRESA  SAN MARTIN - TARAPOTO,12786,IVERMECTINA 6 mg/mL SOL 5 mL,06/08/2020,6000,30,15000
CUSCO,DIRESA  CUSCO,12766,IVERMECTINA 6 mg/mL SOL 5 mL,06/08/2020,15000,30,37500
CALLAO,DIRESA  CALLAO,12765,IVERMECTINA 6 mg/mL SOL 5 mL,06/08/2020,15000,30,37500
HUANCAVELICA,DIRESA  HUANCAVELICA,12767,IVERMECTINA 6 mg/mL SOL 5 mL,06/08/2020,10000,30,25000
ICA,DIRESA  ICA,12768,IVERMECTINA 6 mg/mL SOL 5 mL,06/08/2020,6000,30,15000
JUNIN,DIRESA  JUNIN,12769,IVERMECTINA 6 mg/mL SOL 5 mL,06/08/2020,10000,30,25000
LA LIBERTAD,GERESA  LA LIBERTAD,12782,IVERMECTINA 6 mg/mL SOL 5 mL,06/08/2020,6000,30,15000
LIMA,DIRECCION REGIONAL DE SALUD LIMA,12770,IVERMECTINA 6 mg/mL SOL 5 mL,06/08/2020,10000,30,25000
LAMBAYEQUE,DIRESA  LAMBAYEQUE,12783,IVERMECTINA 6 mg/mL SOL 5 mL,06/08/2020,6000,30,15000
AYACUCHO,DIRESA  AYACUCHO,12764,IVERMECTINA 6 mg/mL SOL 5 mL,06/08/2020,10000,30,25000
AREQUIPA,GERESA AREQUIPA,12781,IVERMECTINA 6 mg/mL SOL 5 mL,06/08/2020,10000,30,25000
APURIMAC,DIRESA  APURIMAC II -  ANDAHUAYLAS,12763,IVERMECTINA 6 mg/mL SOL 5 mL,06/08/2020,4000,30,10000
APURIMAC,DIRESA  APURIMAC,12762,IVERMECTINA 6 mg/mL SOL 5 mL,06/08/2020,6000,30,15000
AMAZONAS,DIRESA  AMAZONAS,12760,IVERMECTINA 6 mg/mL SOL 5 mL,06/08/2020,10000,30,25000
ANCASH,DIRESA  ANCASH,12761,IVERMECTINA 6 mg/mL SOL 5 mL,06/08/2020,8000,30,20000
LIMA,1552 - HOSPITAL NACIONAL DOS DE MAYO,12815,IVERMECTINA 6 mg/mL SOL 5 mL,06/08/2020,500,30,1250
LIMA,1554 - HOSPITAL SERGIO BERNALES,12822,IVERMECTINA 6 mg/mL SOL 5 mL,06/08/2020,1000,30,2500
LIMA,1553 - HOSPITAL CAYETANO HEREDIA,12823,IVERMECTINA 6 mg/mL SOL 5 mL,06/08/2020,600,30,1500
LIMA,H JOSE AGURTO,12819,IVERMECTINA 6 mg/mL SOL 5 mL,06/08/2020,1000,30,2500
LIMA,HOSPITAL DE EMERGENCIAS VILLA EL SALVADOR,12820,IVERMECTINA 6 mg/mL SOL 5 mL,06/08/2020,500,30,1250
LORETO,DIRESA  LORETO,12346,IVERMECTINA 6 mg/mL SOL 5 mL,04/08/2020,800,30,2000
MOQUEGUA,DIRESA  MOQUEGUA,12363,IVERMECTINA 6 mg/mL SOL 5 mL,04/08/2020,10000,30,25000
MOQUEGUA,DIRESA  MOQUEGUA,12374,IVERMECTINA 6 mg/mL SOL 5 mL,04/08/2020,7000,30,17500
MOQUEGUA,DIRESA  MOQUEGUA,12376,IVERMECTINA 6 mg/mL SOL 5 mL,04/08/2020,1000,30,2500
HUANUCO,DIRESA  HUANUCO,11959,IVERMECTINA 6 mg/mL SOL 5 mL,31/07/2020,30000,30,75000
HUANUCO,DIRESA  HUANUCO,11684,IVERMECTINA 6 mg/mL SOL 5 mL,29/07/2020,15000,30,37500
CAJAMARCA,DIRESA  JAEN,11655,IVERMECTINA 6 mg/mL SOL 5 mL,28/07/2020,3000,30,7500
CAJAMARCA,DIRESA  CAJAMARCA,11550,IVERMECTINA 6 mg/mL SOL 5 mL,27/07/2020,25000,30,62500
CAJAMARCA,DIRESA  JAEN,11551,IVERMECTINA 6 mg/mL SOL 5 mL,27/07/2020,15000,30,37500
CAJAMARCA,DIRESA  JAEN,11554,IVERMECTINA 6 mg/mL SOL 5 mL,27/07/2020,10000,30,25000
AREQUIPA,GERESA AREQUIPA,10744,IVERMECTINA 6 mg/mL SOL 5 mL,18/07/2020,3000,30,7500
MINSA,MINSA,10520,IVERMECTINA 6 mg/mL SOL 5 mL,16/07/2020,6000,30,15000
SAN MARTIN,DIRESA  SAN MARTIN - TARAPOTO,10223,IVERMECTINA 6 mg/mL SOL 5 mL,13/07/2020,400,30,1000
PIURA,DIRESA  PIURA II -  SULLANA,10027,IVERMECTINA 6 mg/mL SOL 5 mL,10/07/2020,3350,30,8375
PIURA,DIRESA  PIURA II -  SULLANA,10027,IVERMECTINA 6 mg/mL SOL 5 mL,10/07/2020,650,30,1625
AYACUCHO,DIRESA  AYACUCHO,10028,IVERMECTINA 6 mg/mL SOL 5 mL,10/07/2020,3000,30,7500
AMAZONAS,DIRESA  AMAZONAS,9825,IVERMECTINA 6 mg/mL SOL 5 mL,08/07/2020,4000,30,10000
FFAA,DIRSAPOL,9926,IVERMECTINA 6 mg/mL SOL 5 mL,08/07/2020,3000,30,7500
LIMA,1552 - HOSPITAL NACIONAL DOS DE MAYO,9716,IVERMECTINA 6 mg/mL SOL 5 mL,07/07/2020,200,30,500
LIMA,1565 - HOSPITAL NACIONAL HIPOLITO UNANUE,9723,IVERMECTINA 6 mg/mL SOL 5 mL,07/07/2020,200,30,500
LIMA,1554 - HOSPITAL SERGIO BERNALES,9724,IVERMECTINA 6 mg/mL SOL 5 mL,07/07/2020,200,30,500
LIMA,1582 - HOSPITAL VITARTE,9738,IVERMECTINA 6 mg/mL SOL 5 mL,07/07/2020,100,30,250
LIMA,1553 - HOSPITAL CAYETANO HEREDIA,9721,IVERMECTINA 6 mg/mL SOL 5 mL,07/07/2020,200,30,500
LIMA,1564 - INSTITUTO NACIONAL MATERNO PERINATAL,9734,IVERMECTINA 6 mg/mL SOL 5 mL,07/07/2020,200,30,500
LIMA,HOSPITAL DE EMERGENCIAS VILLA EL SALVADOR,9727,IVERMECTINA 6 mg/mL SOL 5 mL,07/07/2020,200,30,500
LIMA,INSTITUTO NACIONAL DE ENFERMEDADES NEOPLASICAS,9735,IVERMECTINA 6 mg/mL SOL 5 mL,07/07/2020,200,30,500
AMAZONAS,DIRESA  AMAZONAS,9693,IVERMECTINA 6 mg/mL SOL 5 mL,07/07/2020,8000,30,20000
ANCASH,DIRESA  ANCASH,9694,IVERMECTINA 6 mg/mL SOL 5 mL,07/07/2020,10000,30,25000
APURIMAC,DIRESA  APURIMAC,9695,IVERMECTINA 6 mg/mL SOL 5 mL,07/07/2020,6000,30,15000
CAJAMARCA,DIRESA  JAEN,9697,IVERMECTINA 6 mg/mL SOL 5 mL,07/07/2020,2000,30,5000
CALLAO,DIRESA  CALLAO,9736,IVERMECTINA 6 mg/mL SOL 5 mL,07/07/2020,5000,30,12500
CAJAMARCA,DIRESA  CAJAMARCA,9696,IVERMECTINA 6 mg/mL SOL 5 mL,07/07/2020,8000,30,20000
HUANCAVELICA,DIRESA  HUANCAVELICA,9699,IVERMECTINA 6 mg/mL SOL 5 mL,07/07/2020,4000,30,10000
CUSCO,DIRESA  CUSCO,9698,IVERMECTINA 6 mg/mL SOL 5 mL,07/07/2020,7000,30,17500
LAMBAYEQUE,DIRESA  LAMBAYEQUE,9703,IVERMECTINA 6 mg/mL SOL 5 mL,07/07/2020,6000,30,15000
LIMA,DIRECCION REGIONAL DE SALUD LIMA,9704,IVERMECTINA 6 mg/mL SOL 5 mL,07/07/2020,10000,30,25000
LA LIBERTAD,GERESA  LA LIBERTAD,9702,IVERMECTINA 6 mg/mL SOL 5 mL,07/07/2020,8000,30,20000
JUNIN,DIRESA  JUNIN,9701,IVERMECTINA 6 mg/mL SOL 5 mL,07/07/2020,10000,30,25000
ICA,DIRESA  ICA,9700,IVERMECTINA 6 mg/mL SOL 5 mL,07/07/2020,10000,30,25000
PIURA,DIRESA  PIURA II -  SULLANA,9709,IVERMECTINA 6 mg/mL SOL 5 mL,07/07/2020,4000,30,10000
PIURA,DIRESA  PIURA,9708,IVERMECTINA 6 mg/mL SOL 5 mL,07/07/2020,7000,30,17500
PUNO,DIRESA  PUNO,9710,IVERMECTINA 6 mg/mL SOL 5 mL,07/07/2020,6000,30,15000
SAN MARTIN,DIRESA  SAN MARTIN - TARAPOTO,9711,IVERMECTINA 6 mg/mL SOL 5 mL,07/07/2020,5000,30,12500
TACNA,DIRESA  TACNA,9712,IVERMECTINA 6 mg/mL SOL 5 mL,07/07/2020,6000,30,15000
LIMA,RED  DE SALUD OXAPAMPA - PASCO,9737,IVERMECTINA 6 mg/mL SOL 5 mL,07/07/2020,1500,30,3750
PASCO,DIRESA  PASCO,9707,IVERMECTINA 6 mg/mL SOL 5 mL,07/07/2020,2500,30,6250
LORETO,DIRESA  LORETO,9705,IVERMECTINA 6 mg/mL SOL 5 mL,07/07/2020,5000,30,12500
MADRE DE DIOS,DIRESA  MADRE DE DIOS,9706,IVERMECTINA 6 mg/mL SOL 5 mL,07/07/2020,8000,30,20000
LIMA,1581 - HOSPITAL SAN JUAN DE LURIGANCHO,9726,IVERMECTINA 6 mg/mL SOL 5 mL,07/07/2020,200,30,500
LIMA,1573 - HOSPITAL CARLOS LANFRANCO LA HOZ,9725,IVERMECTINA 6 mg/mL SOL 5 mL,07/07/2020,200,30,500
LIMA,1572 - HOSPITAL DOCENTE MADRE NIÑO-SAN BARTOLOME,9722,IVERMECTINA 6 mg/mL SOL 5 mL,07/07/2020,200,30,500
LIMA,1585 - HOSPITAL DE HUAYCAN,9719,IVERMECTINA 6 mg/mL SOL 5 mL,07/07/2020,200,30,500
LIMA,1584 - INSTITUTO NACIONAL DE SALUD DEL NIÑO - SAN,9732,IVERMECTINA 6 mg/mL SOL 5 mL,07/07/2020,200,30,500
LIMA,1584 - INSTITUTO NACIONAL DE SALUD DEL NIÑO - SAN,9732,IVERMECTINA 6 mg/mL SOL 5 mL,07/07/2020,200,30,500
LIMA,H JOSE AGURTO,9728,IVERMECTINA 6 mg/mL SOL 5 mL,07/07/2020,200,30,500
LIMA,1570 - HOSPITAL DE EMERGENCIAS PEDIATRICAS,9718,IVERMECTINA 6 mg/mL SOL 5 mL,07/07/2020,100,30,250
LIMA,1569- HOSPITAL DE EMERGENCIAS CASIMIRO ULLOA,9730,IVERMECTINA 6 mg/mL SOL 5 mL,07/07/2020,200,30,500
LIMA,1568 - HOSPITAL DE APOYO SANTA ROSA,9715,IVERMECTINA 6 mg/mL SOL 5 mL,07/07/2020,200,30,500
LIMA,1566 - HOSPITAL HERMILIO VALDIZAN,9720,IVERMECTINA 6 mg/mL SOL 5 mL,07/07/2020,200,30,500
LIMA,1567 - HOSPITAL MARIA AUXILIADORA,9729,IVERMECTINA 6 mg/mL SOL 5 mL,07/07/2020,200,30,500
LIMA,1551 - HOSPITAL NACIONAL ARZOBISPO LOAYZA,9717,IVERMECTINA 6 mg/mL SOL 5 mL,07/07/2020,200,30,500
LIMA,1559 - INSTITUTO NACIONAL DE SALUD MENTAL,9733,IVERMECTINA 6 mg/mL SOL 5 mL,07/07/2020,200,30,500
LIMA,1563 - INSTITUTO NACIONAL DE SALUD DEL NIÑO,9731,IVERMECTINA 6 mg/mL SOL 5 mL,07/07/2020,200,30,500
UCAYALI,DIRESA  UCAYALI,9714,IVERMECTINA 6 mg/mL SOL 5 mL,07/07/2020,5000,30,12500
TUMBES,DIRESA  TUMBES,9713,IVERMECTINA 6 mg/mL SOL 5 mL,07/07/2020,5000,30,12500
LORETO,DIRESA  LORETO,9676,IVERMECTINA 6 mg/mL SOL 5 mL,06/07/2020,1000,30,2500
MOQUEGUA,DIRESA  MOQUEGUA,9687,IVERMECTINA 6 mg/mL SOL 5 mL,06/07/2020,4000,30,10000
HUANUCO,DIRESA  HUANUCO,9674,IVERMECTINA 6 mg/mL SOL 5 mL,06/07/2020,10000,30,25000
AREQUIPA,GERESA AREQUIPA,9599,IVERMECTINA 6 mg/mL SOL 5 mL,05/07/2020,10000,30,25000
LIMA,DIRIS_LIMA_SUR,9598,IVERMECTINA 6 mg/mL SOL 5 mL,05/07/2020,5000,30,12500
LIMA,DIRIS_LIMA_ESTE,9596,IVERMECTINA 6 mg/mL SOL 5 mL,05/07/2020,5000,30,12500
LIMA,DIRIS_LIMA_NORTE,9597,IVERMECTINA 6 mg/mL SOL 5 mL,05/07/2020,5000,30,12500
LIMA,DIRIS_LIMA_CENTRO,9595,IVERMECTINA 6 mg/mL SOL 5 mL,05/07/2020,5000,30,12500
AYACUCHO,DIRESA  AYACUCHO,9507,IVERMECTINA 6 mg/mL SOL 5 mL,03/07/2020,500,30,1250
AYACUCHO,DIRESA  AYACUCHO,9508,IVERMECTINA 6 mg/mL SOL 5 mL,03/07/2020,800,30,2000
AYACUCHO,DIRESA  AYACUCHO,9509,IVERMECTINA 6 mg/mL SOL 5 mL,03/07/2020,3000,30,7500
AYACUCHO,DIRESA  AYACUCHO,9510,IVERMECTINA 6 mg/mL SOL 5 mL,03/07/2020,700,30,1750
AYACUCHO,DIRESA  AYACUCHO,9511,IVERMECTINA 6 mg/mL SOL 5 mL,03/07/2020,200,30,500
AYACUCHO,DIRESA  AYACUCHO,9512,IVERMECTINA 6 mg/mL SOL 5 mL,03/07/2020,500,30,1250
AYACUCHO,DIRESA  AYACUCHO,9513,IVERMECTINA 6 mg/mL SOL 5 mL,03/07/2020,500,30,1250
AYACUCHO,DIRESA  AYACUCHO,9514,IVERMECTINA 6 mg/mL SOL 5 mL,03/07/2020,1000,30,2500
AYACUCHO,DIRESA  AYACUCHO,9515,IVERMECTINA 6 mg/mL SOL 5 mL,03/07/2020,1000,30,2500
CAJAMARCA,DIRESA  CAJAMARCA,9271,IVERMECTINA 6 mg/mL SOL 5 mL,30/06/2020,3000,30,7500
APURIMAC,DIRESA  APURIMAC,9194,IVERMECTINA 6 mg/mL SOL 5 mL,30/06/2020,2000,30,5000
AMAZONAS,DIRESA  AMAZONAS,9202,IVERMECTINA 6 mg/mL SOL 5 mL,30/06/2020,200,30,500
HUANUCO,DIRESA  HUANUCO,9378,IVERMECTINA 6 mg/mL SOL 5 mL,30/06/2020,250,30,625
HUANUCO,DIRESA  HUANUCO,9379,IVERMECTINA 6 mg/mL SOL 5 mL,30/06/2020,500,30,1250
HUANUCO,DIRESA  HUANUCO,9380,IVERMECTINA 6 mg/mL SOL 5 mL,30/06/2020,1000,30,2500
HUANUCO,DIRESA  HUANUCO,9381,IVERMECTINA 6 mg/mL SOL 5 mL,30/06/2020,2000,30,5000
HUANUCO,DIRESA  HUANUCO,9382,IVERMECTINA 6 mg/mL SOL 5 mL,30/06/2020,1000,30,2500
HUANUCO,DIRESA  HUANUCO,9384,IVERMECTINA 6 mg/mL SOL 5 mL,30/06/2020,1000,30,2500
HUANUCO,DIRESA  HUANUCO,9385,IVERMECTINA 6 mg/mL SOL 5 mL,30/06/2020,1000,30,2500
HUANUCO,DIRESA  HUANUCO,9386,IVERMECTINA 6 mg/mL SOL 5 mL,30/06/2020,200,30,500
HUANUCO,DIRESA  HUANUCO,9387,IVERMECTINA 6 mg/mL SOL 5 mL,30/06/2020,200,30,500
HUANUCO,DIRESA  HUANUCO,9388,IVERMECTINA 6 mg/mL SOL 5 mL,30/06/2020,200,30,500
LORETO,DIRESA  LORETO,9468,IVERMECTINA 6 mg/mL SOL 5 mL,30/06/2020,100,30,250
MADRE DE DIOS,DIRESA  MADRE DE DIOS,9459,IVERMECTINA 6 mg/mL SOL 5 mL,30/06/2020,2000,30,5000
MINSA,MINSA,9502,IVERMECTINA 6 mg/mL SOL 5 mL,30/06/2020,200,30,500
LA LIBERTAD,GERESA  LA LIBERTAD,9165,IVERMECTINA 6 mg/mL SOL 5 mL,26/06/2020,8000,30,20000
JUNIN,DIRESA  JUNIN,8815,IVERMECTINA 6 mg/mL SOL 5 mL,24/06/2020,300,30,750
AMAZONAS,DIRESA  AMAZONAS,8813,IVERMECTINA 6 mg/mL SOL 5 mL,24/06/2020,400,30,1000
AMAZONAS,DIRESA  AMAZONAS,8814,IVERMECTINA 6 mg/mL SOL 5 mL,24/06/2020,300,30,750
LORETO,DIRESA  LORETO,8816,IVERMECTINA 6 mg/mL SOL 5 mL,24/06/2020,300,30,750
SAN MARTIN,DIRESA  SAN MARTIN - TARAPOTO,8496,IVERMECTINA 6 mg/mL SOL 5 mL,22/06/2020,3000,30,7500
AMAZONAS,DIRESA  AMAZONAS,8489,IVERMECTINA 6 mg/mL SOL 5 mL,22/06/2020,2000,30,5000
AYACUCHO,DIRESA  AYACUCHO,8447,IVERMECTINA 6 mg/mL SOL 5 mL,19/06/2020,1000,30,2500
JUNIN,DIRESA  JUNIN,8446,IVERMECTINA 6 mg/mL SOL 5 mL,19/06/2020,1500,30,3750
PIURA,DIRESA  PIURA,8478,IVERMECTINA 6 mg/mL SOL 5 mL,19/06/2020,2500,30,6250
PIURA,DIRESA  PIURA II -  SULLANA,8479,IVERMECTINA 6 mg/mL SOL 5 mL,19/06/2020,2500,30,6250
LIMA,CLÍNICA DE LA FAMILIA,8297,IVERMECTINA 6 mg/mL SOL 5 mL,18/06/2020,200,30,500
LIMA,DIRIS_LIMA_SUR,8144,IVERMECTINA 6 mg/mL SOL 5 mL,17/06/2020,2943,30,7357.5
UCAYALI,DIRESA  UCAYALI,8214,IVERMECTINA 6 mg/mL SOL 5 mL,17/06/2020,1000,30,2500
UCAYALI,DIRESA  UCAYALI,7867,IVERMECTINA 6 mg/mL SOL 5 mL,16/06/2020,557,30,1392.5
UCAYALI,DIRESA  UCAYALI,7868,IVERMECTINA 6 mg/mL SOL 5 mL,16/06/2020,530,30,1325
UCAYALI,DIRESA  UCAYALI,7869,IVERMECTINA 6 mg/mL SOL 5 mL,16/06/2020,101,30,252.5
UCAYALI,DIRESA  UCAYALI,7870,IVERMECTINA 6 mg/mL SOL 5 mL,16/06/2020,68,30,170
LIMA,1551 - HOSPITAL NACIONAL ARZOBISPO LOAYZA,8002,IVERMECTINA 6 mg/mL SOL 5 mL,16/06/2020,932,30,2330
TUMBES,DIRESA  TUMBES,8091,IVERMECTINA 6 mg/mL SOL 5 mL,16/06/2020,518,30,1295
LIMA,1563 - INSTITUTO NACIONAL DE SALUD DEL NIÑO,8021,IVERMECTINA 6 mg/mL SOL 5 mL,16/06/2020,195,30,487.5
LIMA,1560 - INSTITUTO NACIONAL DE CIENCIAS NEUROLOGICAS,8020,IVERMECTINA 6 mg/mL SOL 5 mL,16/06/2020,30,30,75
LIMA,1560 - INSTITUTO NACIONAL DE CIENCIAS NEUROLOGICAS,8036,IVERMECTINA 6 mg/mL SOL 5 mL,16/06/2020,500,30,1250
LIMA,1559 - INSTITUTO NACIONAL DE SALUD MENTAL,8023,IVERMECTINA 6 mg/mL SOL 5 mL,16/06/2020,65,30,162.5
LIMA,1567 - HOSPITAL MARIA AUXILIADORA,8011,IVERMECTINA 6 mg/mL SOL 5 mL,16/06/2020,798,30,1995
LIMA,1566 - HOSPITAL HERMILIO VALDIZAN,8009,IVERMECTINA 6 mg/mL SOL 5 mL,16/06/2020,83,30,207.5
LIMA,1568 - HOSPITAL DE APOYO SANTA ROSA,8001,IVERMECTINA 6 mg/mL SOL 5 mL,16/06/2020,453,30,1132.5
LIMA,1569- HOSPITAL DE EMERGENCIAS CASIMIRO ULLOA,8016,IVERMECTINA 6 mg/mL SOL 5 mL,16/06/2020,171,30,427.5
LIMA,1570 - HOSPITAL DE EMERGENCIAS PEDIATRICAS,8004,IVERMECTINA 6 mg/mL SOL 5 mL,16/06/2020,54,30,135
LIMA,1571 - HOSPITAL NACIONAL VICTOR LARCO HERRERA,8019,IVERMECTINA 6 mg/mL SOL 5 mL,16/06/2020,30,30,75
LIMA,H JOSE AGURTO,8010,IVERMECTINA 6 mg/mL SOL 5 mL,16/06/2020,283,30,707.5
LIMA,DIRIS_LIMA_NORTE,7878,IVERMECTINA 6 mg/mL SOL 5 mL,16/06/2020,3947,30,9867.5
LIMA,DIRIS_LIMA_ESTE,7879,IVERMECTINA 6 mg/mL SOL 5 mL,16/06/2020,2385,30,5962.5
LIMA,DIRIS_LIMA_CENTRO,7880,IVERMECTINA 6 mg/mL SOL 5 mL,16/06/2020,2844,30,7110
LIMA,1585 - HOSPITAL DE HUAYCAN,8007,IVERMECTINA 6 mg/mL SOL 5 mL,16/06/2020,98,30,245
LIMA,1573 - HOSPITAL CARLOS LANFRANCO LA HOZ,8013,IVERMECTINA 6 mg/mL SOL 5 mL,16/06/2020,331,30,827.5
LIMA,1572 - HOSPITAL DOCENTE MADRE NIÑO-SAN BARTOLOME,8018,IVERMECTINA 6 mg/mL SOL 5 mL,16/06/2020,178,30,445
LIMA,1581 - HOSPITAL SAN JUAN DE LURIGANCHO,8008,IVERMECTINA 6 mg/mL SOL 5 mL,16/06/2020,674,30,1685
LIMA,1584 - INSTITUTO NACIONAL DE SALUD DEL NIÑO - SAN,8022,IVERMECTINA 6 mg/mL SOL 5 mL,16/06/2020,155,30,387.5
LIMA,1584 - INSTITUTO NACIONAL DE SALUD DEL NIÑO - SAN,8022,IVERMECTINA 6 mg/mL SOL 5 mL,16/06/2020,155,30,387.5
PIURA,DIRESA  PIURA II -  SULLANA,8087,IVERMECTINA 6 mg/mL SOL 5 mL,16/06/2020,1049,30,2622.5
PIURA,DIRESA  PIURA,7850,IVERMECTINA 6 mg/mL SOL 5 mL,16/06/2020,804,30,2010
PIURA,DIRESA  PIURA,7851,IVERMECTINA 6 mg/mL SOL 5 mL,16/06/2020,410,30,1025
PIURA,DIRESA  PIURA,7852,IVERMECTINA 6 mg/mL SOL 5 mL,16/06/2020,75,30,187.5
PIURA,DIRESA  PIURA,7853,IVERMECTINA 6 mg/mL SOL 5 mL,16/06/2020,115,30,287.5
PIURA,DIRESA  PIURA,7854,IVERMECTINA 6 mg/mL SOL 5 mL,16/06/2020,453,30,1132.5
PIURA,DIRESA  PIURA,7855,IVERMECTINA 6 mg/mL SOL 5 mL,16/06/2020,430,30,1075
PUNO,DIRESA  PUNO,7849,IVERMECTINA 6 mg/mL SOL 5 mL,16/06/2020,145,30,362.5
PUNO,DIRESA  PUNO,7866,IVERMECTINA 6 mg/mL SOL 5 mL,16/06/2020,64,30,160
PUNO,DIRESA  PUNO,7883,IVERMECTINA 6 mg/mL SOL 5 mL,16/06/2020,77,30,192.5
PUNO,DIRESA  PUNO,7884,IVERMECTINA 6 mg/mL SOL 5 mL,16/06/2020,457,30,1142.5
PUNO,DIRESA  PUNO,7885,IVERMECTINA 6 mg/mL SOL 5 mL,16/06/2020,206,30,515
PUNO,DIRESA  PUNO,7886,IVERMECTINA 6 mg/mL SOL 5 mL,16/06/2020,63,30,157.5
PUNO,DIRESA  PUNO,7887,IVERMECTINA 6 mg/mL SOL 5 mL,16/06/2020,52,30,130
PUNO,DIRESA  PUNO,7888,IVERMECTINA 6 mg/mL SOL 5 mL,16/06/2020,190,30,475
PUNO,DIRESA  PUNO,7889,IVERMECTINA 6 mg/mL SOL 5 mL,16/06/2020,181,30,452.5
PUNO,DIRESA  PUNO,7890,IVERMECTINA 6 mg/mL SOL 5 mL,16/06/2020,202,30,505
PUNO,DIRESA  PUNO,8088,IVERMECTINA 6 mg/mL SOL 5 mL,16/06/2020,333,30,832.5
SAN MARTIN,DIRESA  SAN MARTIN - TARAPOTO,7861,IVERMECTINA 6 mg/mL SOL 5 mL,16/06/2020,97,30,242.5
SAN MARTIN,DIRESA  SAN MARTIN - TARAPOTO,7862,IVERMECTINA 6 mg/mL SOL 5 mL,16/06/2020,137,30,342.5
SAN MARTIN,DIRESA  SAN MARTIN - TARAPOTO,7863,IVERMECTINA 6 mg/mL SOL 5 mL,16/06/2020,39,30,97.5
SAN MARTIN,DIRESA  SAN MARTIN - TARAPOTO,7864,IVERMECTINA 6 mg/mL SOL 5 mL,16/06/2020,64,30,160
SAN MARTIN,DIRESA  SAN MARTIN - TARAPOTO,7865,IVERMECTINA 6 mg/mL SOL 5 mL,16/06/2020,111,30,277.5
SAN MARTIN,DIRESA  SAN MARTIN - TARAPOTO,7871,IVERMECTINA 6 mg/mL SOL 5 mL,16/06/2020,115,30,287.5
SAN MARTIN,DIRESA  SAN MARTIN - TARAPOTO,7872,IVERMECTINA 6 mg/mL SOL 5 mL,16/06/2020,337,30,842.5
SAN MARTIN,DIRESA  SAN MARTIN - TARAPOTO,7873,IVERMECTINA 6 mg/mL SOL 5 mL,16/06/2020,102,30,255
SAN MARTIN,DIRESA  SAN MARTIN - TARAPOTO,7874,IVERMECTINA 6 mg/mL SOL 5 mL,16/06/2020,266,30,665
SAN MARTIN,DIRESA  SAN MARTIN - TARAPOTO,8089,IVERMECTINA 6 mg/mL SOL 5 mL,16/06/2020,298,30,745
TACNA,DIRESA  TACNA,8090,IVERMECTINA 6 mg/mL SOL 5 mL,16/06/2020,717,30,1792.5
LORETO,DIRESA  LORETO,7843,IVERMECTINA 6 mg/mL SOL 5 mL,16/06/2020,231,30,577.5
LORETO,DIRESA  LORETO,7844,IVERMECTINA 6 mg/mL SOL 5 mL,16/06/2020,234,30,585
LORETO,DIRESA  LORETO,7845,IVERMECTINA 6 mg/mL SOL 5 mL,16/06/2020,264,30,660
LORETO,DIRESA  LORETO,7846,IVERMECTINA 6 mg/mL SOL 5 mL,16/06/2020,749,30,1872.5
LORETO,DIRESA  LORETO,7847,IVERMECTINA 6 mg/mL SOL 5 mL,16/06/2020,132,30,330
LORETO,DIRESA  LORETO,7848,IVERMECTINA 6 mg/mL SOL 5 mL,16/06/2020,190,30,475
LORETO,DIRESA  LORETO,7900,IVERMECTINA 6 mg/mL SOL 5 mL,16/06/2020,236,30,590
LORETO,DIRESA  LORETO,8083,IVERMECTINA 6 mg/mL SOL 5 mL,16/06/2020,232,30,580
MADRE DE DIOS,DIRESA  MADRE DE DIOS,8084,IVERMECTINA 6 mg/mL SOL 5 mL,16/06/2020,279,30,697.5
MOQUEGUA,DIRESA  MOQUEGUA,7858,IVERMECTINA 6 mg/mL SOL 5 mL,16/06/2020,142,30,355
MOQUEGUA,DIRESA  MOQUEGUA,8085,IVERMECTINA 6 mg/mL SOL 5 mL,16/06/2020,220,30,550
PASCO,DIRESA  PASCO,7856,IVERMECTINA 6 mg/mL SOL 5 mL,16/06/2020,134,30,335
PASCO,DIRESA  PASCO,7857,IVERMECTINA 6 mg/mL SOL 5 mL,16/06/2020,77,30,192.5
PASCO,DIRESA  PASCO,8086,IVERMECTINA 6 mg/mL SOL 5 mL,16/06/2020,226,30,565
LA LIBERTAD,GERESA  LA LIBERTAD,8039,IVERMECTINA 6 mg/mL SOL 5 mL,16/06/2020,1765,30,4412.5
LIMA,DIRECCION REGIONAL DE SALUD LIMA,7948,IVERMECTINA 6 mg/mL SOL 5 mL,16/06/2020,187,30,467.5
LIMA,DIRECCION REGIONAL DE SALUD LIMA,7949,IVERMECTINA 6 mg/mL SOL 5 mL,16/06/2020,432,30,1080
LIMA,DIRECCION REGIONAL DE SALUD LIMA,7950,IVERMECTINA 6 mg/mL SOL 5 mL,16/06/2020,178,30,445
LIMA,DIRECCION REGIONAL DE SALUD LIMA,7951,IVERMECTINA 6 mg/mL SOL 5 mL,16/06/2020,444,30,1110
LIMA,DIRECCION REGIONAL DE SALUD LIMA,7952,IVERMECTINA 6 mg/mL SOL 5 mL,16/06/2020,568,30,1420
LIMA,DIRECCION REGIONAL DE SALUD LIMA,7953,IVERMECTINA 6 mg/mL SOL 5 mL,16/06/2020,359,30,897.5
LIMA,DIRECCION REGIONAL DE SALUD LIMA,7954,IVERMECTINA 6 mg/mL SOL 5 mL,16/06/2020,35,30,87.5
LAMBAYEQUE,DIRESA  LAMBAYEQUE,7859,IVERMECTINA 6 mg/mL SOL 5 mL,16/06/2020,170,30,425
LAMBAYEQUE,DIRESA  LAMBAYEQUE,7860,IVERMECTINA 6 mg/mL SOL 5 mL,16/06/2020,1616,30,4040
LAMBAYEQUE,DIRESA  LAMBAYEQUE,8082,IVERMECTINA 6 mg/mL SOL 5 mL,16/06/2020,546,30,1365
CUSCO,DIRESA  CUSCO,7961,IVERMECTINA 6 mg/mL SOL 5 mL,16/06/2020,214,30,535
CUSCO,DIRESA  CUSCO,7962,IVERMECTINA 6 mg/mL SOL 5 mL,16/06/2020,53,30,132.5
CUSCO,DIRESA  CUSCO,7963,IVERMECTINA 6 mg/mL SOL 5 mL,16/06/2020,499,30,1247.5
CUSCO,DIRESA  CUSCO,7964,IVERMECTINA 6 mg/mL SOL 5 mL,16/06/2020,861,30,2152.5
CUSCO,DIRESA  CUSCO,7965,IVERMECTINA 6 mg/mL SOL 5 mL,16/06/2020,113,30,282.5
CUSCO,DIRESA  CUSCO,7966,IVERMECTINA 6 mg/mL SOL 5 mL,16/06/2020,291,30,727.5
HUANCAVELICA,DIRESA  HUANCAVELICA,7955,IVERMECTINA 6 mg/mL SOL 5 mL,16/06/2020,75,30,187.5
HUANCAVELICA,DIRESA  HUANCAVELICA,7956,IVERMECTINA 6 mg/mL SOL 5 mL,16/06/2020,16,30,40
HUANCAVELICA,DIRESA  HUANCAVELICA,7957,IVERMECTINA 6 mg/mL SOL 5 mL,16/06/2020,31,30,77.5
HUANCAVELICA,DIRESA  HUANCAVELICA,7958,IVERMECTINA 6 mg/mL SOL 5 mL,16/06/2020,13,30,32.5
HUANCAVELICA,DIRESA  HUANCAVELICA,7959,IVERMECTINA 6 mg/mL SOL 5 mL,16/06/2020,44,30,110
HUANCAVELICA,DIRESA  HUANCAVELICA,7960,IVERMECTINA 6 mg/mL SOL 5 mL,16/06/2020,55,30,137.5
HUANCAVELICA,DIRESA  HUANCAVELICA,8081,IVERMECTINA 6 mg/mL SOL 5 mL,16/06/2020,135,30,337.5
AYACUCHO,DIRESA  AYACUCHO,7992,IVERMECTINA 6 mg/mL SOL 5 mL,16/06/2020,78,30,195
AYACUCHO,DIRESA  AYACUCHO,7993,IVERMECTINA 6 mg/mL SOL 5 mL,16/06/2020,110,30,275
AYACUCHO,DIRESA  AYACUCHO,7994,IVERMECTINA 6 mg/mL SOL 5 mL,16/06/2020,112,30,280
AYACUCHO,DIRESA  AYACUCHO,7995,IVERMECTINA 6 mg/mL SOL 5 mL,16/06/2020,108,30,270
AYACUCHO,DIRESA  AYACUCHO,7996,IVERMECTINA 6 mg/mL SOL 5 mL,16/06/2020,398,30,995
AYACUCHO,DIRESA  AYACUCHO,7997,IVERMECTINA 6 mg/mL SOL 5 mL,16/06/2020,69,30,172.5
AYACUCHO,DIRESA  AYACUCHO,7998,IVERMECTINA 6 mg/mL SOL 5 mL,16/06/2020,123,30,307.5
CALLAO,DIRESA  CALLAO,7875,IVERMECTINA 6 mg/mL SOL 5 mL,16/06/2020,1886,30,4715
CALLAO,DIRESA  CALLAO,7876,IVERMECTINA 6 mg/mL SOL 5 mL,16/06/2020,927,30,2317.5
CALLAO,DIRESA  CALLAO,7877,IVERMECTINA 6 mg/mL SOL 5 mL,16/06/2020,1306,30,3265
ANCASH,RED DE SALUD  PACIFICO NORTE - ANCASH,8093,IVERMECTINA 6 mg/mL SOL 5 mL,16/06/2020,407,30,1017.5
ANCASH,DIRESA  ANCASH,8032,IVERMECTINA 6 mg/mL SOL 5 mL,16/06/2020,415,30,1037.5
ANCASH,DIRESA  ANCASH,8033,IVERMECTINA 6 mg/mL SOL 5 mL,16/06/2020,185,30,462.5
ANCASH,DIRESA  ANCASH,8037,IVERMECTINA 6 mg/mL SOL 5 mL,16/06/2020,144,30,360
ANCASH,DIRESA  ANCASH,8038,IVERMECTINA 6 mg/mL SOL 5 mL,16/06/2020,119,30,297.5
ANCASH,RED DE SALUD PACIFICO SUR -  ANCASH,8092,IVERMECTINA 6 mg/mL SOL 5 mL,16/06/2020,406,30,1015
APURIMAC,DIRESA  APURIMAC,7999,IVERMECTINA 6 mg/mL SOL 5 mL,16/06/2020,58,30,145
APURIMAC,DIRESA  APURIMAC,8026,IVERMECTINA 6 mg/mL SOL 5 mL,16/06/2020,115,30,287.5
APURIMAC,DIRESA  APURIMAC,8027,IVERMECTINA 6 mg/mL SOL 5 mL,16/06/2020,27,30,67.5
APURIMAC,DIRESA  APURIMAC,8028,IVERMECTINA 6 mg/mL SOL 5 mL,16/06/2020,54,30,135
APURIMAC,DIRESA  APURIMAC,8029,IVERMECTINA 6 mg/mL SOL 5 mL,16/06/2020,60,30,150
APURIMAC,DIRESA  APURIMAC,8030,IVERMECTINA 6 mg/mL SOL 5 mL,16/06/2020,34,30,85
APURIMAC,DIRESA  APURIMAC,8031,IVERMECTINA 6 mg/mL SOL 5 mL,16/06/2020,14,30,35
APURIMAC,DIRESA  APURIMAC,8080,IVERMECTINA 6 mg/mL SOL 5 mL,16/06/2020,129,30,322.5
LIMA,1726-HOSPITAL EMERGENCIA ATE VITARTE,8006,IVERMECTINA 6 mg/mL SOL 5 mL,16/06/2020,523,30,1307.5
LIMA,1554 - HOSPITAL SERGIO BERNALES,8015,IVERMECTINA 6 mg/mL SOL 5 mL,16/06/2020,477,30,1192.5
LIMA,1552 - HOSPITAL NACIONAL DOS DE MAYO,8003,IVERMECTINA 6 mg/mL SOL 5 mL,16/06/2020,1000,30,2500
LIMA,1582 - HOSPITAL VITARTE,8005,IVERMECTINA 6 mg/mL SOL 5 mL,16/06/2020,100,30,250
LIMA,1564 - INSTITUTO NACIONAL MATERNO PERINATAL,8024,IVERMECTINA 6 mg/mL SOL 5 mL,16/06/2020,393,30,982.5
LIMA,1553 - HOSPITAL CAYETANO HEREDIA,8014,IVERMECTINA 6 mg/mL SOL 5 mL,16/06/2020,183,30,457.5
LIMA,1565 - HOSPITAL NACIONAL HIPOLITO UNANUE,8012,IVERMECTINA 6 mg/mL SOL 5 mL,16/06/2020,1200,30,3000
LIMA,INSTITUTO NACIONAL DE ENFERMEDADES NEOPLASICAS,8025,IVERMECTINA 6 mg/mL SOL 5 mL,16/06/2020,375,30,937.5
LIMA,HOSPITAL DE EMERGENCIAS VILLA EL SALVADOR,8017,IVERMECTINA 6 mg/mL SOL 5 mL,16/06/2020,733,30,1832.5
AREQUIPA,GERESA AREQUIPA,7781,IVERMECTINA 6 mg/mL SOL 5 mL,15/06/2020,2192,30,5480
AREQUIPA,GERESA AREQUIPA,7782,IVERMECTINA 6 mg/mL SOL 5 mL,15/06/2020,145,30,362.5
AREQUIPA,GERESA AREQUIPA,7783,IVERMECTINA 6 mg/mL SOL 5 mL,15/06/2020,200,30,500
AREQUIPA,GERESA AREQUIPA,7784,IVERMECTINA 6 mg/mL SOL 5 mL,15/06/2020,113,30,282.5
AMAZONAS,DIRESA  AMAZONAS,7777,IVERMECTINA 6 mg/mL SOL 5 mL,15/06/2020,71,30,177.5
AMAZONAS,DIRESA  AMAZONAS,7778,IVERMECTINA 6 mg/mL SOL 5 mL,15/06/2020,110,30,275
AMAZONAS,DIRESA  AMAZONAS,7779,IVERMECTINA 6 mg/mL SOL 5 mL,15/06/2020,51,30,127.5
AMAZONAS,DIRESA  AMAZONAS,7780,IVERMECTINA 6 mg/mL SOL 5 mL,15/06/2020,154,30,385
CAJAMARCA,DIRESA  CAJAMARCA II -  CHOTA,7786,IVERMECTINA 6 mg/mL SOL 5 mL,15/06/2020,129,30,322.5
CAJAMARCA,DIRESA  CAJAMARCA III -  CUTERVO,7787,IVERMECTINA 6 mg/mL SOL 5 mL,15/06/2020,80,30,200
CAJAMARCA,DIRESA  JAEN,7788,IVERMECTINA 6 mg/mL SOL 5 mL,15/06/2020,156,30,390
CAJAMARCA,DIRESA  CAJAMARCA,7785,IVERMECTINA 6 mg/mL SOL 5 mL,15/06/2020,305,30,762.5
CAJAMARCA,DIRESA  CAJAMARCA,7789,IVERMECTINA 6 mg/mL SOL 5 mL,15/06/2020,80,30,200
CAJAMARCA,DIRESA  CAJAMARCA,7790,IVERMECTINA 6 mg/mL SOL 5 mL,15/06/2020,63,30,157.5
CAJAMARCA,DIRESA  CAJAMARCA,7791,IVERMECTINA 6 mg/mL SOL 5 mL,15/06/2020,75,30,187.5
CAJAMARCA,DIRESA  CAJAMARCA,7792,IVERMECTINA 6 mg/mL SOL 5 mL,15/06/2020,25,30,62.5
CAJAMARCA,DIRESA  CAJAMARCA,7793,IVERMECTINA 6 mg/mL SOL 5 mL,15/06/2020,117,30,292.5
CAJAMARCA,DIRESA  CAJAMARCA,7794,IVERMECTINA 6 mg/mL SOL 5 mL,15/06/2020,43,30,107.5
CAJAMARCA,DIRESA  CAJAMARCA,7795,IVERMECTINA 6 mg/mL SOL 5 mL,15/06/2020,44,30,110
CAJAMARCA,DIRESA  CAJAMARCA,7796,IVERMECTINA 6 mg/mL SOL 5 mL,15/06/2020,18,30,45
CAJAMARCA,DIRESA  CAJAMARCA,7797,IVERMECTINA 6 mg/mL SOL 5 mL,15/06/2020,35,30,87.5
CAJAMARCA,DIRESA  CAJAMARCA,7798,IVERMECTINA 6 mg/mL SOL 5 mL,15/06/2020,38,30,95
HUANUCO,DIRESA  HUANUCO,7799,IVERMECTINA 6 mg/mL SOL 5 mL,15/06/2020,68,30,170
HUANUCO,DIRESA  HUANUCO,7800,IVERMECTINA 6 mg/mL SOL 5 mL,15/06/2020,75,30,187.5
HUANUCO,DIRESA  HUANUCO,7801,IVERMECTINA 6 mg/mL SOL 5 mL,15/06/2020,27,30,67.5
HUANUCO,DIRESA  HUANUCO,7802,IVERMECTINA 6 mg/mL SOL 5 mL,15/06/2020,89,30,222.5
HUANUCO,DIRESA  HUANUCO,7803,IVERMECTINA 6 mg/mL SOL 5 mL,15/06/2020,368,30,920
HUANUCO,DIRESA  HUANUCO,7804,IVERMECTINA 6 mg/mL SOL 5 mL,15/06/2020,46,30,115
HUANUCO,DIRESA  HUANUCO,7805,IVERMECTINA 6 mg/mL SOL 5 mL,15/06/2020,254,30,635
HUANUCO,DIRESA  HUANUCO,7806,IVERMECTINA 6 mg/mL SOL 5 mL,15/06/2020,38,30,95
HUANUCO,DIRESA  HUANUCO,7807,IVERMECTINA 6 mg/mL SOL 5 mL,15/06/2020,85,30,212.5
HUANUCO,DIRESA  HUANUCO,7808,IVERMECTINA 6 mg/mL SOL 5 mL,15/06/2020,37,30,92.5
HUANUCO,DIRESA  HUANUCO,7809,IVERMECTINA 6 mg/mL SOL 5 mL,15/06/2020,39,30,97.5
ICA,DIRESA  ICA,7810,IVERMECTINA 6 mg/mL SOL 5 mL,15/06/2020,922,30,2305
ICA,DIRESA  ICA,7811,IVERMECTINA 6 mg/mL SOL 5 mL,15/06/2020,752,30,1880
JUNIN,DIRESA  JUNIN,7816,IVERMECTINA 6 mg/mL SOL 5 mL,15/06/2020,233,30,582.5
JUNIN,DIRESA  JUNIN,7817,IVERMECTINA 6 mg/mL SOL 5 mL,15/06/2020,166,30,415
JUNIN,DIRESA  JUNIN,7818,IVERMECTINA 6 mg/mL SOL 5 mL,15/06/2020,54,30,135
JUNIN,DIRESA  JUNIN,7819,IVERMECTINA 6 mg/mL SOL 5 mL,15/06/2020,231,30,577.5
JUNIN,DIRESA  JUNIN,7820,IVERMECTINA 6 mg/mL SOL 5 mL,15/06/2020,114,30,285
JUNIN,DIRESA  JUNIN,7821,IVERMECTINA 6 mg/mL SOL 5 mL,15/06/2020,93,30,232.5
JUNIN,DIRESA  JUNIN,7822,IVERMECTINA 6 mg/mL SOL 5 mL,15/06/2020,443,30,1107.5
JUNIN,DIRESA  JUNIN,7823,IVERMECTINA 6 mg/mL SOL 5 mL,15/06/2020,174,30,435
JUNIN,DIRESA  JUNIN,7824,IVERMECTINA 6 mg/mL SOL 5 mL,15/06/2020,878,30,2195
LA LIBERTAD,GERESA  LA LIBERTAD,7825,IVERMECTINA 6 mg/mL SOL 5 mL,15/06/2020,238,30,595
LA LIBERTAD,GERESA  LA LIBERTAD,7826,IVERMECTINA 6 mg/mL SOL 5 mL,15/06/2020,31,30,77.5
LA LIBERTAD,GERESA  LA LIBERTAD,7827,IVERMECTINA 6 mg/mL SOL 5 mL,15/06/2020,161,30,402.5
LA LIBERTAD,GERESA  LA LIBERTAD,7828,IVERMECTINA 6 mg/mL SOL 5 mL,15/06/2020,58,30,145
LA LIBERTAD,GERESA  LA LIBERTAD,7829,IVERMECTINA 6 mg/mL SOL 5 mL,15/06/2020,58,30,145
LA LIBERTAD,GERESA  LA LIBERTAD,7830,IVERMECTINA 6 mg/mL SOL 5 mL,15/06/2020,151,30,377.5
LA LIBERTAD,GERESA  LA LIBERTAD,7831,IVERMECTINA 6 mg/mL SOL 5 mL,15/06/2020,192,30,480
LA LIBERTAD,GERESA  LA LIBERTAD,7832,IVERMECTINA 6 mg/mL SOL 5 mL,15/06/2020,172,30,430
LA LIBERTAD,GERESA  LA LIBERTAD,7833,IVERMECTINA 6 mg/mL SOL 5 mL,15/06/2020,285,30,712.5
LA LIBERTAD,GERESA  LA LIBERTAD,7834,IVERMECTINA 6 mg/mL SOL 5 mL,15/06/2020,115,30,287.5
LA LIBERTAD,GERESA  LA LIBERTAD,7835,IVERMECTINA 6 mg/mL SOL 5 mL,15/06/2020,216,30,540
LORETO,DIRESA  LORETO,7666,IVERMECTINA 6 mg/mL SOL 5 mL,15/06/2020,1000,30,2500
PIURA,DIRESA  PIURA,7650,IVERMECTINA 6 mg/mL SOL 5 mL,12/06/2020,2000,30,5000
PIURA,DIRESA  PIURA,7657,IVERMECTINA 6 mg/mL SOL 5 mL,12/06/2020,1000,30,2500
SAN MARTIN,DIRESA  SAN MARTIN - TARAPOTO,7582,IVERMECTINA 6 mg/mL SOL 5 mL,12/06/2020,3000,30,7500
PIURA,DIRESA  PIURA II -  SULLANA,7654,IVERMECTINA 6 mg/mL SOL 5 mL,12/06/2020,2000,30,5000
TUMBES,DIRESA  TUMBES,7494,IVERMECTINA 6 mg/mL SOL 5 mL,12/06/2020,1000,30,2500
TUMBES,DIRESA  TUMBES,7476,IVERMECTINA 6 mg/mL SOL 5 mL,11/06/2020,500,30,1250
UCAYALI,DIRESA  UCAYALI,7475,IVERMECTINA 6 mg/mL SOL 5 mL,11/06/2020,1000,30,2500
JUNIN,DIRESA  JUNIN,7474,IVERMECTINA 6 mg/mL SOL 5 mL,11/06/2020,1150,30,2875
AMAZONAS,DIRESA  AMAZONAS,7473,IVERMECTINA 6 mg/mL SOL 5 mL,11/06/2020,1500,30,3750
LORETO,DIRESA  LORETO,7460,IVERMECTINA 6 mg/mL SOL 5 mL,10/06/2020,50,30,125
MINSA,MINSA,7097,IVERMECTINA 6 mg/mL SOL 5 mL,08/06/2020,50,30,125
LIMA,HOSPITAL DE EMERGENCIAS VILLA EL SALVADOR,6983,IVERMECTINA 6 mg/mL SOL 5 mL,05/06/2020,600,30,1500
LIMA,INSTITUTO NACIONAL DE ENFERMEDADES NEOPLASICAS,6977,IVERMECTINA 6 mg/mL SOL 5 mL,05/06/2020,500,30,1250
LIMA,1565 - HOSPITAL NACIONAL HIPOLITO UNANUE,6980,IVERMECTINA 6 mg/mL SOL 5 mL,05/06/2020,600,30,1500
LIMA,1553 - HOSPITAL CAYETANO HEREDIA,6975,IVERMECTINA 6 mg/mL SOL 5 mL,05/06/2020,500,30,1250
LIMA,1564 - INSTITUTO NACIONAL MATERNO PERINATAL,6970,IVERMECTINA 6 mg/mL SOL 5 mL,05/06/2020,300,30,750
LIMA,1582 - HOSPITAL VITARTE,6958,IVERMECTINA 6 mg/mL SOL 5 mL,05/06/2020,200,30,500
LIMA,1552 - HOSPITAL NACIONAL DOS DE MAYO,6978,IVERMECTINA 6 mg/mL SOL 5 mL,05/06/2020,600,30,1500
LIMA,1554 - HOSPITAL SERGIO BERNALES,6981,IVERMECTINA 6 mg/mL SOL 5 mL,05/06/2020,600,30,1500
LIMA,1726-HOSPITAL EMERGENCIA ATE VITARTE,6959,IVERMECTINA 6 mg/mL SOL 5 mL,05/06/2020,200,30,500
LORETO,DIRESA  LORETO,6993,IVERMECTINA 6 mg/mL SOL 5 mL,05/06/2020,2000,30,5000
LIMA,DIRECCION REGIONAL DE SALUD LIMA,6992,IVERMECTINA 6 mg/mL SOL 5 mL,05/06/2020,1800,30,4500
LAMBAYEQUE,DIRESA  LAMBAYEQUE,6996,IVERMECTINA 6 mg/mL SOL 5 mL,05/06/2020,4000,30,10000
JUNIN,DIRESA  JUNIN,6986,IVERMECTINA 6 mg/mL SOL 5 mL,05/06/2020,800,30,2000
LA LIBERTAD,GERESA  LA LIBERTAD,6991,IVERMECTINA 6 mg/mL SOL 5 mL,05/06/2020,1500,30,3750
ICA,DIRESA  ICA,6989,IVERMECTINA 6 mg/mL SOL 5 mL,05/06/2020,1500,30,3750
HUANUCO,DIRESA  HUANUCO,6964,IVERMECTINA 6 mg/mL SOL 5 mL,05/06/2020,300,30,750
CUSCO,DIRESA  CUSCO,6963,IVERMECTINA 6 mg/mL SOL 5 mL,05/06/2020,300,30,750
HUANCAVELICA,DIRESA  HUANCAVELICA,6952,IVERMECTINA 6 mg/mL SOL 5 mL,05/06/2020,200,30,500
AMAZONAS,DIRESA  AMAZONAS,6950,IVERMECTINA 6 mg/mL SOL 5 mL,05/06/2020,200,30,500
ANCASH,DIRESA  ANCASH,6988,IVERMECTINA 6 mg/mL SOL 5 mL,05/06/2020,1500,30,3750
AREQUIPA,GERESA AREQUIPA,6990,IVERMECTINA 6 mg/mL SOL 5 mL,05/06/2020,1500,30,3750
APURIMAC,DIRESA  APURIMAC,6948,IVERMECTINA 6 mg/mL SOL 5 mL,05/06/2020,100,30,250
CAJAMARCA,DIRESA  CAJAMARCA,6951,IVERMECTINA 6 mg/mL SOL 5 mL,05/06/2020,200,30,500
CALLAO,DIRESA  CALLAO,6920,IVERMECTINA 6 mg/mL SOL 5 mL,05/06/2020,500,30,1250
CALLAO,DIRESA  CALLAO,6929,IVERMECTINA 6 mg/mL SOL 5 mL,05/06/2020,4300,30,10750
AYACUCHO,DIRESA  AYACUCHO,6961,IVERMECTINA 6 mg/mL SOL 5 mL,05/06/2020,250,30,625
LIMA,1559 - INSTITUTO NACIONAL DE SALUD MENTAL,6976,IVERMECTINA 6 mg/mL SOL 5 mL,05/06/2020,500,30,1250
LIMA,1551 - HOSPITAL NACIONAL ARZOBISPO LOAYZA,6979,IVERMECTINA 6 mg/mL SOL 5 mL,05/06/2020,600,30,1500
UCAYALI,DIRESA  UCAYALI,6994,IVERMECTINA 6 mg/mL SOL 5 mL,05/06/2020,2000,30,5000
TUMBES,DIRESA  TUMBES,6987,IVERMECTINA 6 mg/mL SOL 5 mL,05/06/2020,1000,30,2500
LIMA,1571 - HOSPITAL NACIONAL VICTOR LARCO HERRERA,6949,IVERMECTINA 6 mg/mL SOL 5 mL,05/06/2020,100,30,250
LIMA,1570 - HOSPITAL DE EMERGENCIAS PEDIATRICAS,6957,IVERMECTINA 6 mg/mL SOL 5 mL,05/06/2020,200,30,500
LIMA,1569- HOSPITAL DE EMERGENCIAS CASIMIRO ULLOA,6956,IVERMECTINA 6 mg/mL SOL 5 mL,05/06/2020,200,30,500
LIMA,1568 - HOSPITAL DE APOYO SANTA ROSA,6971,IVERMECTINA 6 mg/mL SOL 5 mL,05/06/2020,400,30,1000
LIMA,1567 - HOSPITAL MARIA AUXILIADORA,6984,IVERMECTINA 6 mg/mL SOL 5 mL,05/06/2020,600,30,1500
LIMA,1566 - HOSPITAL HERMILIO VALDIZAN,6967,IVERMECTINA 6 mg/mL SOL 5 mL,05/06/2020,300,30,750
LIMA,1560 - INSTITUTO NACIONAL DE CIENCIAS NEUROLOGICAS,6960,IVERMECTINA 6 mg/mL SOL 5 mL,05/06/2020,200,30,500
LIMA,1563 - INSTITUTO NACIONAL DE SALUD DEL NIÑO,6969,IVERMECTINA 6 mg/mL SOL 5 mL,05/06/2020,300,30,750
LIMA,1585 - HOSPITAL DE HUAYCAN,6972,IVERMECTINA 6 mg/mL SOL 5 mL,05/06/2020,400,30,1000
LIMA,1584 - INSTITUTO NACIONAL DE SALUD DEL NIÑO - SAN,6968,IVERMECTINA 6 mg/mL SOL 5 mL,05/06/2020,300,30,750
LIMA,1584 - INSTITUTO NACIONAL DE SALUD DEL NIÑO - SAN,6968,IVERMECTINA 6 mg/mL SOL 5 mL,05/06/2020,300,30,750
LIMA,1572 - HOSPITAL DOCENTE MADRE NIÑO-SAN BARTOLOME,6965,IVERMECTINA 6 mg/mL SOL 5 mL,05/06/2020,300,30,750
LIMA,1573 - HOSPITAL CARLOS LANFRANCO LA HOZ,6985,IVERMECTINA 6 mg/mL SOL 5 mL,05/06/2020,600,30,1500
LIMA,1581 - HOSPITAL SAN JUAN DE LURIGANCHO,6982,IVERMECTINA 6 mg/mL SOL 5 mL,05/06/2020,600,30,1500
LIMA,DIRIS_LIMA_CENTRO,6916,IVERMECTINA 6 mg/mL SOL 5 mL,05/06/2020,100,30,250
LIMA,DIRIS_LIMA_CENTRO,6916,IVERMECTINA 6 mg/mL SOL 5 mL,05/06/2020,2050,30,5125
LIMA,DIRIS_LIMA_CENTRO,6925,IVERMECTINA 6 mg/mL SOL 5 mL,05/06/2020,1650,30,4125
LIMA,DIRIS_LIMA_ESTE,6917,IVERMECTINA 6 mg/mL SOL 5 mL,05/06/2020,1700,30,4250
LIMA,DIRIS_LIMA_ESTE,6926,IVERMECTINA 6 mg/mL SOL 5 mL,05/06/2020,2150,30,5375
LIMA,DIRIS_LIMA_NORTE,6918,IVERMECTINA 6 mg/mL SOL 5 mL,05/06/2020,1400,30,3500
LIMA,DIRIS_LIMA_NORTE,6927,IVERMECTINA 6 mg/mL SOL 5 mL,05/06/2020,2850,30,7125
LIMA,H JOSE AGURTO,6966,IVERMECTINA 6 mg/mL SOL 5 mL,05/06/2020,300,30,750
LIMA,DIRIS_LIMA_SUR,6919,IVERMECTINA 6 mg/mL SOL 5 mL,05/06/2020,750,30,1875
LIMA,DIRIS_LIMA_SUR,6928,IVERMECTINA 6 mg/mL SOL 5 mL,05/06/2020,3400,30,8500
PIURA,DIRESA  PIURA,6995,IVERMECTINA 6 mg/mL SOL 5 mL,05/06/2020,4000,30,10000
PUNO,DIRESA  PUNO,6962,IVERMECTINA 6 mg/mL SOL 5 mL,05/06/2020,250,30,625
SAN MARTIN,DIRESA  SAN MARTIN - TARAPOTO,6974,IVERMECTINA 6 mg/mL SOL 5 mL,05/06/2020,500,30,1250
TACNA,DIRESA  TACNA,6954,IVERMECTINA 6 mg/mL SOL 5 mL,05/06/2020,200,30,500
MOQUEGUA,DIRESA  MOQUEGUA,6955,IVERMECTINA 6 mg/mL SOL 5 mL,05/06/2020,200,30,500
PASCO,DIRESA  PASCO,6953,IVERMECTINA 6 mg/mL SOL 5 mL,05/06/2020,200,30,500
MADRE DE DIOS,DIRESA  MADRE DE DIOS,6973,IVERMECTINA 6 mg/mL SOL 5 mL,05/06/2020,500,30,1250
FUERZA AEREA DEL PERU,FUERZA AEREA DEL PERU,6832,IVERMECTINA 6 mg/mL SOL 5 mL,04/06/2020,100,30,250
LIMA,1572 - HOSPITAL DOCENTE MADRE NIÑO-SAN BARTOLOME,6830,IVERMECTINA 6 mg/mL SOL 5 mL,04/06/2020,50,30,125
LIMA,HOSPITAL MILITAR CENTRAL LUIS ARIAS SCHEREIBER,6831,IVERMECTINA 6 mg/mL SOL 5 mL,04/06/2020,100,30,250
CARCELES,INPE,6835,IVERMECTINA 6 mg/mL SOL 5 mL,04/06/2020,100,30,250
LIMA,1564 - INSTITUTO NACIONAL MATERNO PERINATAL,6829,IVERMECTINA 6 mg/mL SOL 5 mL,04/06/2020,50,30,125
LIMA,HOSPITAL CENTRAL PNP LUIS N. SAENZ,6834,IVERMECTINA 6 mg/mL SOL 5 mL,04/06/2020,100,30,250
MARINA DE GUERRA,MARINA DE GUERRA,6833,IVERMECTINA 6 mg/mL SOL 5 mL,04/06/2020,100,30,250
LIMA,1567 - HOSPITAL MARIA AUXILIADORA,6717,IVERMECTINA 6 mg/mL SOL 5 mL,03/06/2020,500,30,1250
MINSA,MINSA,6356,IVERMECTINA 6 mg/mL SOL 5 mL,29/05/2020,50,30,125
LIMA,HOSPITAL DE EMERGENCIAS VILLA EL SALVADOR,6414,IVERMECTINA 6 mg/mL SOL 5 mL,29/05/2020,500,30,1250
MINSA,MINSA,6346,IVERMECTINA 6 mg/mL SOL 5 mL,28/05/2020,50,30,125
MINSA,MINSA,6347,IVERMECTINA 6 mg/mL SOL 5 mL,28/05/2020,200,30,500
TUMBES,DIRESA  TUMBES,6337,IVERMECTINA 6 mg/mL SOL 5 mL,28/05/2020,500,30,1250
LIMA,DIRIS_LIMA_SUR,6345,IVERMECTINA 6 mg/mL SOL 5 mL,28/05/2020,4000,30,10000
LIMA,DIRIS_LIMA_NORTE,6344,IVERMECTINA 6 mg/mL SOL 5 mL,28/05/2020,5000,30,12500
LIMA,DIRIS_LIMA_ESTE,6343,IVERMECTINA 6 mg/mL SOL 5 mL,28/05/2020,3000,30,7500
LIMA,DIRIS_LIMA_CENTRO,6342,IVERMECTINA 6 mg/mL SOL 5 mL,28/05/2020,7500,30,18750
MOQUEGUA,DIRESA  MOQUEGUA,6341,IVERMECTINA 6 mg/mL SOL 5 mL,28/05/2020,500,30,1250
MADRE DE DIOS,DIRESA  MADRE DE DIOS,6332,IVERMECTINA 6 mg/mL SOL 5 mL,28/05/2020,500,30,1250
PASCO,DIRESA  PASCO,6333,IVERMECTINA 6 mg/mL SOL 5 mL,28/05/2020,500,30,1250
PIURA,DIRESA  PIURA,6338,IVERMECTINA 6 mg/mL SOL 5 mL,28/05/2020,4000,30,10000
TACNA,DIRESA  TACNA,6336,IVERMECTINA 6 mg/mL SOL 5 mL,28/05/2020,500,30,1250
SAN MARTIN,DIRESA  SAN MARTIN - TARAPOTO,6335,IVERMECTINA 6 mg/mL SOL 5 mL,28/05/2020,2000,30,5000
PUNO,DIRESA  PUNO,6334,IVERMECTINA 6 mg/mL SOL 5 mL,28/05/2020,500,30,1250
AYACUCHO,DIRESA  AYACUCHO,6324,IVERMECTINA 6 mg/mL SOL 5 mL,28/05/2020,1000,30,2500
CALLAO,DIRESA  CALLAO,6326,IVERMECTINA 6 mg/mL SOL 5 mL,28/05/2020,2500,30,6250
CAJAMARCA,DIRESA  CAJAMARCA,6325,IVERMECTINA 6 mg/mL SOL 5 mL,28/05/2020,2000,30,5000
APURIMAC,DIRESA  APURIMAC,6323,IVERMECTINA 6 mg/mL SOL 5 mL,28/05/2020,500,30,1250
HUANCAVELICA,DIRESA  HUANCAVELICA,6328,IVERMECTINA 6 mg/mL SOL 5 mL,28/05/2020,500,30,1250
CUSCO,DIRESA  CUSCO,6327,IVERMECTINA 6 mg/mL SOL 5 mL,28/05/2020,2000,30,5000
HUANUCO,DIRESA  HUANUCO,6329,IVERMECTINA 6 mg/mL SOL 5 mL,28/05/2020,1000,30,2500
LA LIBERTAD,GERESA  LA LIBERTAD,6339,IVERMECTINA 6 mg/mL SOL 5 mL,28/05/2020,2000,30,5000
JUNIN,DIRESA  JUNIN,6330,IVERMECTINA 6 mg/mL SOL 5 mL,28/05/2020,1000,30,2500
LAMBAYEQUE,DIRESA  LAMBAYEQUE,6340,IVERMECTINA 6 mg/mL SOL 5 mL,28/05/2020,2500,30,6250
LIMA,DIRECCION REGIONAL DE SALUD LIMA,6331,IVERMECTINA 6 mg/mL SOL 5 mL,28/05/2020,1000,30,2500
LORETO,DIRESA  LORETO,6259,IVERMECTINA 6 mg/mL SOL 5 mL,27/05/2020,3000,30,7500
LORETO,DIRESA  LORETO,6264,IVERMECTINA 6 mg/mL SOL 5 mL,27/05/2020,200,30,500
LIMA,DIRECCION REGIONAL DE SALUD LIMA,6258,IVERMECTINA 6 mg/mL SOL 5 mL,27/05/2020,2000,30,5000
LA LIBERTAD,GERESA  LA LIBERTAD,6262,IVERMECTINA 6 mg/mL SOL 5 mL,27/05/2020,2000,30,5000
ICA,DIRESA  ICA,6257,IVERMECTINA 6 mg/mL SOL 5 mL,27/05/2020,2000,30,5000
AREQUIPA,GERESA AREQUIPA,6261,IVERMECTINA 6 mg/mL SOL 5 mL,27/05/2020,2000,30,5000
ANCASH,DIRESA  ANCASH,6255,IVERMECTINA 6 mg/mL SOL 5 mL,27/05/2020,2000,30,5000
AMAZONAS,DIRESA  AMAZONAS,6254,IVERMECTINA 6 mg/mL SOL 5 mL,27/05/2020,2000,30,5000
UCAYALI,DIRESA  UCAYALI,6260,IVERMECTINA 6 mg/mL SOL 5 mL,27/05/2020,3000,30,7500
UCAYALI,DIRESA  UCAYALI,6265,IVERMECTINA 6 mg/mL SOL 5 mL,27/05/2020,200,30,500
MINSA,MINSA,6256,IVERMECTINA 6 mg/mL SOL 5 mL,27/05/2020,50,30,125
MINSA,MINSA,6263,IVERMECTINA 6 mg/mL SOL 5 mL,27/05/2020,50,30,125
UCAYALI,DIRESA  UCAYALI,5992,IVERMECTINA 6 mg/mL SOL 5 mL,25/05/2020,2500,30,6250
LIMA,DIRIS_LIMA_CENTRO,5987,IVERMECTINA 6 mg/mL SOL 5 mL,25/05/2020,1500,30,3750
LIMA,DIRIS_LIMA_ESTE,5988,IVERMECTINA 6 mg/mL SOL 5 mL,25/05/2020,2500,30,6250
LIMA,DIRIS_LIMA_SUR,5989,IVERMECTINA 6 mg/mL SOL 5 mL,25/05/2020,2500,30,6250
PIURA,DIRESA  PIURA,5991,IVERMECTINA 6 mg/mL SOL 5 mL,25/05/2020,2500,30,6250
CALLAO,DIRESA  CALLAO,5990,IVERMECTINA 6 mg/mL SOL 5 mL,25/05/2020,2500,30,6250
LAMBAYEQUE,DIRESA  LAMBAYEQUE,5993,IVERMECTINA 6 mg/mL SOL 5 mL,25/05/2020,2500,30,6250
LORETO,DIRESA  LORETO,5985,IVERMECTINA 6 mg/mL SOL 5 mL,25/05/2020,2500,30,6250
LIMA,DIRIS_LIMA_NORTE,5979,IVERMECTINA 6 mg/mL SOL 5 mL,23/05/2020,5000,30,12500
LIMA,DIRIS_LIMA_CENTRO,5984,IVERMECTINA 6 mg/mL SOL 5 mL,23/05/2020,1000,30,2500
LORETO,DIRESA  LORETO,17479,IVERMECTINA USP X 1 g,08/09/2020,500,1000,41666.66667
CUSCO,DIRESA  CUSCO,16835,IVERMECTINA USP X 1 g,04/09/2020,450,1000,37500
LIMA,1552 - HOSPITAL NACIONAL DOS DE MAYO,11890,IVERMECTINA USP X 1 g,31/07/2020,500,1000,41666.66667
SAN MARTIN,DIRESA  SAN MARTIN - TARAPOTO,16829,IVERMECTINA USP X 1 g,04/09/2020,450,1000,37500
LIMA,1553 - HOSPITAL CAYETANO HEREDIA,11894,IVERMECTINA USP X 1 g,31/07/2020,1500,1000,125000
AYACUCHO,DIRESA  AYACUCHO,12759,IVERMECTINA USP X 1 g,06/08/2020,500,1000,41666.66667
AYACUCHO,DIRESA  AYACUCHO,11926,IVERMECTINA USP X 1 g,31/07/2020,500,1000,41666.66667
CAJAMARCA,DIRESA  CAJAMARCA,11901,IVERMECTINA USP X 1 g,31/07/2020,500,1000,41666.66667
CAJAMARCA,DIRESA  CAJAMARCA,11902,IVERMECTINA USP X 1 g,31/07/2020,500,1000,41666.66667
CAJAMARCA,DIRESA  CAJAMARCA,11725,IVERMECTINA USP X 1 g,30/07/2020,500,1000,41666.66667
LIMA,1565 - HOSPITAL NACIONAL HIPOLITO UNANUE,11896,IVERMECTINA USP X 1 g,31/07/2020,500,1000,41666.66667
MOQUEGUA,DIRESA  MOQUEGUA,11899,IVERMECTINA USP X 1 g,31/07/2020,500,1000,41666.66667
PUNO,DIRESA  PUNO,11915,IVERMECTINA USP X 1 g,31/07/2020,500,1000,41666.66667
PUNO,DIRESA  PUNO,11916,IVERMECTINA USP X 1 g,31/07/2020,500,1000,41666.66667
LIMA,1568 - HOSPITAL DE APOYO SANTA ROSA,11891,IVERMECTINA USP X 1 g,31/07/2020,500,1000,41666.66667
LAMBAYEQUE,DIRESA  LAMBAYEQUE,11906,IVERMECTINA USP X 1 g,31/07/2020,500,1000,41666.66667
LAMBAYEQUE,DIRESA  LAMBAYEQUE,11907,IVERMECTINA USP X 1 g,31/07/2020,500,1000,41666.66667
LIMA,DIRECCION REGIONAL DE SALUD LIMA,11908,IVERMECTINA USP X 1 g,31/07/2020,500,1000,41666.66667
LIMA,DIRECCION REGIONAL DE SALUD LIMA,11909,IVERMECTINA USP X 1 g,31/07/2020,500,1000,41666.66667
LIMA,DIRECCION REGIONAL DE SALUD LIMA,11910,IVERMECTINA USP X 1 g,31/07/2020,500,1000,41666.66667
LIMA,1581 - HOSPITAL SAN JUAN DE LURIGANCHO,11892,IVERMECTINA USP X 1 g,31/07/2020,500,1000,41666.66667
HUANUCO,DIRESA  HUANUCO,11900,IVERMECTINA USP X 1 g,31/07/2020,500,1000,41666.66667
ICA,DIRESA  ICA,11917,IVERMECTINA USP X 1 g,31/07/2020,500,1000,41666.66667
ICA,DIRESA  ICA,11918,IVERMECTINA USP X 1 g,31/07/2020,500,1000,41666.66667
ICA,DIRESA  ICA,11919,IVERMECTINA USP X 1 g,31/07/2020,500,1000,41666.66667
ICA,DIRESA  ICA,11920,IVERMECTINA USP X 1 g,31/07/2020,500,1000,41666.66667
LIMA,1726-HOSPITAL EMERGENCIA ATE VITARTE,11895,IVERMECTINA USP X 1 g,31/07/2020,500,1000,41666.66667
JUNIN,DIRESA  JUNIN,11924,IVERMECTINA USP X 1 g,31/07/2020,500,1000,41666.66667
JUNIN,DIRESA  JUNIN,11925,IVERMECTINA USP X 1 g,31/07/2020,500,1000,41666.66667
ANCASH,DIRESA  ANCASH,11903,IVERMECTINA USP X 1 g,31/07/2020,500,1000,41666.66667
ANCASH,DIRESA  ANCASH,11904,IVERMECTINA USP X 1 g,31/07/2020,500,1000,41666.66667
ANCASH,DIRESA  ANCASH,11905,IVERMECTINA USP X 1 g,31/07/2020,500,1000,41666.66667
APURIMAC,DIRESA  APURIMAC,11898,IVERMECTINA USP X 1 g,31/07/2020,500,1000,41666.66667
CAJAMARCA,DIRESA  JAEN,11726,IVERMECTINA USP X 1 g,30/07/2020,500,1000,41666.66667
TACNA,DIRESA  TACNA,11927,IVERMECTINA USP X 1 g,31/07/2020,500,1000,41666.66667
TUMBES,DIRESA  TUMBES,11897,IVERMECTINA USP X 1 g,31/07/2020,500,1000,41666.66667
UCAYALI,DIRESA  UCAYALI,11911,IVERMECTINA USP X 1 g,31/07/2020,500,1000,41666.66667
FUERZA AEREA DEL PERU,FUERZA AEREA DEL PERU,11888,IVERMECTINA USP X 1 g,31/07/2020,500,1000,41666.66667
LA LIBERTAD,GERESA  LA LIBERTAD,15843,IVERMECTINA USP X 1 g,28/08/2020,500,1000,41666.66667
LA LIBERTAD,GERESA  LA LIBERTAD,15983,IVERMECTINA USP X 1 g,28/08/2020,400,1000,33333.33333
LA LIBERTAD,GERESA  LA LIBERTAD,15983,IVERMECTINA USP X 1 g,28/08/2020,100,1000,8333.333333
LA LIBERTAD,GERESA  LA LIBERTAD,11928,IVERMECTINA USP X 1 g,31/07/2020,500,1000,41666.66667
LA LIBERTAD,GERESA  LA LIBERTAD,11929,IVERMECTINA USP X 1 g,31/07/2020,500,1000,41666.66667
LA LIBERTAD,GERESA  LA LIBERTAD,11930,IVERMECTINA USP X 1 g,31/07/2020,500,1000,41666.66667
AREQUIPA,GERESA AREQUIPA,11921,IVERMECTINA USP X 1 g,31/07/2020,500,1000,41666.66667
AREQUIPA,GERESA AREQUIPA,11922,IVERMECTINA USP X 1 g,31/07/2020,500,1000,41666.66667
AREQUIPA,GERESA AREQUIPA,11923,IVERMECTINA USP X 1 g,31/07/2020,500,1000,41666.66667
LIMA,HOSPITAL CENTRAL PNP LUIS N. SAENZ,11887,IVERMECTINA USP X 1 g,31/07/2020,500,1000,41666.66667
LIMA,HOSPITAL DE EMERGENCIAS VILLA EL SALVADOR,11893,IVERMECTINA USP X 1 g,31/07/2020,1000,1000,83333.33333
LIMA,HOSPITAL MILITAR CENTRAL LUIS ARIAS SCHEREIBER,11889,IVERMECTINA USP X 1 g,31/07/2020,500,1000,41666.66667
LIMA,INSTITUTO NACIONAL DE SALUD - INS,13419,IVERMECTINA USP X 1 g,10/08/2020,100,1000,8333.333333
LIMA,MEDIFARMA S.A.,11724,IVERMECTINA USP X 1 g,30/07/2020,5000,1000,416666.6667
LIMA,MEDIFARMA S.A.,8823,IVERMECTINA USP X 1 g,25/06/2020,5000,1000,416666.6667
AMAZONAS,DIRESA  AMAZONAS,19125,IVERMECTINA 3 mg TAB,25/09/2020,16000,3,4000
AMAZONAS,DIRESA  AMAZONAS,10462,IVERMECTINA 3 mg TAB,16/07/2020,40000,3,10000
AMAZONAS,RED DE SALUD UTCUBAMBA,19126,IVERMECTINA 3 mg TAB,25/09/2020,560,3,140
ANCASH,DIRESA  ANCASH,19127,IVERMECTINA 3 mg TAB,25/09/2020,43200,3,10800
ANCASH,DIRESA  ANCASH,10463,IVERMECTINA 3 mg TAB,16/07/2020,40000,3,10000
ANCASH,RED DE SALUD  PACIFICO NORTE - ANCASH,19129,IVERMECTINA 3 mg TAB,25/09/2020,19200,3,4800
ANCASH,RED DE SALUD PACIFICO SUR -  ANCASH,19128,IVERMECTINA 3 mg TAB,25/09/2020,8000,3,2000
ANCASH,RED CONCHUCOS - ANCASH,19130,IVERMECTINA 3 mg TAB,25/09/2020,9600,3,2400
APURIMAC,DIRESA  APURIMAC,19131,IVERMECTINA 3 mg TAB,25/09/2020,8000,3,2000
APURIMAC,DIRESA  APURIMAC,10464,IVERMECTINA 3 mg TAB,16/07/2020,40000,3,10000
APURIMAC,DIRESA  APURIMAC II -  ANDAHUAYLAS,19132,IVERMECTINA 3 mg TAB,25/09/2020,8000,3,2000
AREQUIPA,GERESA AREQUIPA,19141,IVERMECTINA 3 mg TAB,25/09/2020,60000,3,15000
AREQUIPA,GERESA AREQUIPA,11147,IVERMECTINA 3 mg TAB,22/07/2020,60000,3,15000
AREQUIPA,GERESA AREQUIPA,10743,IVERMECTINA 3 mg TAB,18/07/2020,10000,3,2500
AREQUIPA,GERESA AREQUIPA,10465,IVERMECTINA 3 mg TAB,16/07/2020,40000,3,10000
AYACUCHO,DIRESA  AYACUCHO,19142,IVERMECTINA 3 mg TAB,25/09/2020,2000,3,500
AYACUCHO,DIRESA  AYACUCHO,10466,IVERMECTINA 3 mg TAB,16/07/2020,40000,3,10000
CAJAMARCA,DIRESA  JAEN,19144,IVERMECTINA 3 mg TAB,25/09/2020,16000,3,4000
CAJAMARCA,DIRESA  JAEN,10489,IVERMECTINA 3 mg TAB,16/07/2020,12000,3,3000
CAJAMARCA,DIRESA  CAJAMARCA,19143,IVERMECTINA 3 mg TAB,25/09/2020,28000,3,7000
CAJAMARCA,DIRESA  CAJAMARCA,10483,IVERMECTINA 3 mg TAB,16/07/2020,28000,3,7000
CUSCO,DIRESA  CUSCO,19146,IVERMECTINA 3 mg TAB,25/09/2020,80000,3,20000
CUSCO,DIRESA  CUSCO,18823,IVERMECTINA 3 mg TAB,21/09/2020,10500,3,2625
CUSCO,DIRESA  CUSCO,10468,IVERMECTINA 3 mg TAB,16/07/2020,40000,3,10000
HUANCAVELICA,DIRESA  HUANCAVELICA,19148,IVERMECTINA 3 mg TAB,25/09/2020,16000,3,4000
HUANCAVELICA,DIRESA  HUANCAVELICA,11749,IVERMECTINA 3 mg TAB,31/07/2020,17630,3,4407.5
HUANCAVELICA,DIRESA  HUANCAVELICA,11749,IVERMECTINA 3 mg TAB,31/07/2020,2370,3,592.5
HUANCAVELICA,DIRESA  HUANCAVELICA,10469,IVERMECTINA 3 mg TAB,16/07/2020,40000,3,10000
ICA,DIRESA  ICA,19147,IVERMECTINA 3 mg TAB,25/09/2020,37000,3,9250
ICA,DIRESA  ICA,10477,IVERMECTINA 3 mg TAB,16/07/2020,40000,3,10000
JUNIN,DIRESA  JUNIN,19164,IVERMECTINA 3 mg TAB,25/09/2020,16000,3,4000
JUNIN,DIRESA  JUNIN,18820,IVERMECTINA 3 mg TAB,21/09/2020,5500,3,1375
JUNIN,DIRESA  JUNIN,18821,IVERMECTINA 3 mg TAB,21/09/2020,23200,3,5800
JUNIN,DIRESA  JUNIN,18826,IVERMECTINA 3 mg TAB,21/09/2020,8000,3,2000
JUNIN,DIRESA  JUNIN,10873,IVERMECTINA 3 mg TAB,20/07/2020,4800,3,1200
JUNIN,DIRESA  JUNIN,10874,IVERMECTINA 3 mg TAB,20/07/2020,4800,3,1200
JUNIN,DIRESA  JUNIN,10470,IVERMECTINA 3 mg TAB,16/07/2020,40000,3,10000
LIMA,DIRECCION REGIONAL DE SALUD LIMA,19165,IVERMECTINA 3 mg TAB,25/09/2020,36390,3,9097.5
LIMA,DIRECCION REGIONAL DE SALUD LIMA,10471,IVERMECTINA 3 mg TAB,16/07/2020,40000,3,10000
MADRE DE DIOS,DIRESA  MADRE DE DIOS,19166,IVERMECTINA 3 mg TAB,25/09/2020,4000,3,1000
MADRE DE DIOS,DIRESA  MADRE DE DIOS,18827,IVERMECTINA 3 mg TAB,21/09/2020,6200,3,1550
MADRE DE DIOS,DIRESA  MADRE DE DIOS,10480,IVERMECTINA 3 mg TAB,16/07/2020,32000,3,8000
PIURA,DIRESA  PIURA,19167,IVERMECTINA 3 mg TAB,25/09/2020,24000,3,6000
PIURA,DIRESA  PIURA,12774,IVERMECTINA 3 mg TAB,06/08/2020,12000,3,3000
PIURA,DIRESA  PIURA,10485,IVERMECTINA 3 mg TAB,16/07/2020,28000,3,7000
PIURA,DIRESA  PIURA II -  SULLANA,19168,IVERMECTINA 3 mg TAB,25/09/2020,16000,3,4000
PIURA,DIRESA  PIURA II -  SULLANA,12775,IVERMECTINA 3 mg TAB,06/08/2020,8000,3,2000
PUNO,DIRESA  PUNO,19169,IVERMECTINA 3 mg TAB,25/09/2020,160000,3,40000
LIMA,1585 - HOSPITAL DE HUAYCAN,19177,IVERMECTINA 3 mg TAB,25/09/2020,2000,3,500
LIMA,1585 - HOSPITAL DE HUAYCAN,11736,IVERMECTINA 3 mg TAB,30/07/2020,1570,3,392.5
LIMA,1585 - HOSPITAL DE HUAYCAN,11736,IVERMECTINA 3 mg TAB,30/07/2020,30,3,7.5
SAN MARTIN,DIRESA  SAN MARTIN - TARAPOTO,19170,IVERMECTINA 3 mg TAB,25/09/2020,180000,3,45000
SAN MARTIN,DIRESA  SAN MARTIN - TARAPOTO,18829,IVERMECTINA 3 mg TAB,21/09/2020,18300,3,4575
SAN MARTIN,DIRESA  SAN MARTIN - TARAPOTO,18830,IVERMECTINA 3 mg TAB,21/09/2020,11500,3,2875
SAN MARTIN,DIRESA  SAN MARTIN - TARAPOTO,18842,IVERMECTINA 3 mg TAB,21/09/2020,7900,3,1975
TACNA,DIRESA  TACNA,19171,IVERMECTINA 3 mg TAB,25/09/2020,120000,3,30000
LIMA,DIRIS_LIMA_NORTE,19179,IVERMECTINA 3 mg TAB,25/09/2020,72000,3,18000
LIMA,DIRIS_LIMA_NORTE,10475,IVERMECTINA 3 mg TAB,16/07/2020,40000,3,10000
LIMA,DIRIS_LIMA_CENTRO,19178,IVERMECTINA 3 mg TAB,25/09/2020,60000,3,15000
LIMA,DIRIS_LIMA_CENTRO,10473,IVERMECTINA 3 mg TAB,16/07/2020,40000,3,10000
UCAYALI,DIRESA  UCAYALI,18831,IVERMECTINA 3 mg TAB,21/09/2020,6000,3,1500
UCAYALI,DIRESA  UCAYALI,18832,IVERMECTINA 3 mg TAB,21/09/2020,7700,3,1925
UCAYALI,DIRESA  UCAYALI,18833,IVERMECTINA 3 mg TAB,21/09/2020,4000,3,1000
UCAYALI,DIRESA  UCAYALI,18834,IVERMECTINA 3 mg TAB,21/09/2020,7500,3,1875
UCAYALI,DIRESA  UCAYALI,12779,IVERMECTINA 3 mg TAB,06/08/2020,14150,3,3537.5
CALLAO,DIRESA  CALLAO,10467,IVERMECTINA 3 mg TAB,16/07/2020,40000,3,10000
LIMA,RED  DE SALUD OXAPAMPA - PASCO,18828,IVERMECTINA 3 mg TAB,21/09/2020,10400,3,2600
LIMA,RED  DE SALUD OXAPAMPA - PASCO,10490,IVERMECTINA 3 mg TAB,16/07/2020,12000,3,3000
HUANUCO,DIRESA  HUANUCO,18825,IVERMECTINA 3 mg TAB,21/09/2020,7000,3,1750
HUANUCO,DIRESA  HUANUCO,11079,IVERMECTINA 3 mg TAB,21/07/2020,40000,3,10000
HUANUCO,DIRESA  HUANUCO,10461,IVERMECTINA 3 mg TAB,16/07/2020,48000,3,12000
LORETO,DIRESA  LORETO,18779,IVERMECTINA 3 mg TAB,21/09/2020,26000,3,6500
LORETO,DIRESA  LORETO,18809,IVERMECTINA 3 mg TAB,21/09/2020,5400,3,1350
LORETO,DIRESA  LORETO,12772,IVERMECTINA 3 mg TAB,06/08/2020,12000,3,3000
LORETO,DIRESA  LORETO,11495,IVERMECTINA 3 mg TAB,27/07/2020,1200,3,300
LORETO,DIRESA  LORETO,11496,IVERMECTINA 3 mg TAB,27/07/2020,1600,3,400
LORETO,DIRESA  LORETO,11497,IVERMECTINA 3 mg TAB,27/07/2020,1600,3,400
LORETO,DIRESA  LORETO,11498,IVERMECTINA 3 mg TAB,27/07/2020,1200,3,300
LORETO,DIRESA  LORETO,11499,IVERMECTINA 3 mg TAB,27/07/2020,1200,3,300
LORETO,DIRESA  LORETO,11500,IVERMECTINA 3 mg TAB,27/07/2020,1200,3,300
LORETO,DIRESA  LORETO,10487,IVERMECTINA 3 mg TAB,16/07/2020,20000,3,5000
LORETO,RED  DE SALUD ALTO AMAZONAS -  YURIMAGUAS,18780,IVERMECTINA 3 mg TAB,21/09/2020,8200,3,2050
LORERO,RED DE SALUD DATEM DEL MARAÑON,18781,IVERMECTINA 3 mg TAB,21/09/2020,4400,3,1100
LAMBAYEQUE,DIRESA  LAMBAYEQUE,11319,IVERMECTINA 3 mg TAB,23/07/2020,16000,3,4000
LAMBAYEQUE,DIRESA  LAMBAYEQUE,10482,IVERMECTINA 3 mg TAB,16/07/2020,28000,3,7000
LORETO,RED DE SALUD UCAYALI-CONTAMANA  - LORETO,18782,IVERMECTINA 3 mg TAB,21/09/2020,5400,3,1350
JUNIN,R.S. CHANCHAMAYO,18817,IVERMECTINA 3 mg TAB,21/09/2020,6000,3,1500
PASCO,DIRESA  PASCO,10484,IVERMECTINA 3 mg TAB,16/07/2020,28000,3,7000
CUSCO,RED DE SALUD KIMBIRI -  PICHARI  - CUSCO,18824,IVERMECTINA 3 mg TAB,21/09/2020,5000,3,1250
CAJAMARCA,RED DE SALUD SAN IGNACIO,18816,IVERMECTINA 3 mg TAB,21/09/2020,450,3,112.5
AMAZONAS,RED DE SALUD CONDORCANQUI,18815,IVERMECTINA 3 mg TAB,21/09/2020,10000,3,2500
TUMBES,DIRESA  TUMBES,12778,IVERMECTINA 3 mg TAB,06/08/2020,12000,3,3000
AMAZONAS,RED DE SALUD BAGUA,18814,IVERMECTINA 3 mg TAB,21/09/2020,8000,3,2000
LIMA,DIRIS_LIMA_ESTE,10474,IVERMECTINA 3 mg TAB,16/07/2020,40000,3,10000
LIMA,DIRIS_LIMA_SUR,10476,IVERMECTINA 3 mg TAB,16/07/2020,40000,3,10000
LA LIBERTAD,GERESA  LA LIBERTAD,10478,IVERMECTINA 3 mg TAB,16/07/2020,36000,3,9000
LIMA,H JOSE AGURTO,10502,IVERMECTINA 3 mg TAB,16/07/2020,4000,3,1000
LIMA,HOSPITAL DE EMERGENCIAS VILLA EL SALVADOR,10507,IVERMECTINA 3 mg TAB,16/07/2020,4000,3,1000
LIMA,INSTITUTO NACIONAL DE ENFERMEDADES NEOPLASICAS,10512,IVERMECTINA 3 mg TAB,16/07/2020,4000,3,1000
LIMA,1582 - HOSPITAL VITARTE,10500,IVERMECTINA 3 mg TAB,16/07/2020,4000,3,1000
LIMA,1553 - HOSPITAL CAYETANO HEREDIA,10499,IVERMECTINA 3 mg TAB,16/07/2020,4000,3,1000
LIMA,1565 - HOSPITAL NACIONAL HIPOLITO UNANUE,10503,IVERMECTINA 3 mg TAB,16/07/2020,4000,3,1000
LIMA,1554 - HOSPITAL SERGIO BERNALES,10505,IVERMECTINA 3 mg TAB,16/07/2020,4000,3,1000
LIMA,1552 - HOSPITAL NACIONAL DOS DE MAYO,10497,IVERMECTINA 3 mg TAB,16/07/2020,4000,3,1000
LIMA,1726-HOSPITAL EMERGENCIA ATE VITARTE,10513,IVERMECTINA 3 mg TAB,16/07/2020,2400,3,600
LIMA,MININTER,10527,IVERMECTINA 3 mg TAB,16/07/2020,20000,3,5000
UCAYALI,DIRESA  UCAYALI,10488,IVERMECTINA 3 mg TAB,16/07/2020,20000,3,5000
TUMBES,DIRESA  TUMBES,10486,IVERMECTINA 3 mg TAB,16/07/2020,28000,3,7000
TACNA,DIRESA  TACNA,10479,IVERMECTINA 3 mg TAB,16/07/2020,36000,3,9000
SAN MARTIN,DIRESA  SAN MARTIN - TARAPOTO,10481,IVERMECTINA 3 mg TAB,16/07/2020,32000,3,8000
PUNO,DIRESA  PUNO,10472,IVERMECTINA 3 mg TAB,16/07/2020,40000,3,10000
PIURA,DIRESA  PIURA II -  SULLANA,10491,IVERMECTINA 3 mg TAB,16/07/2020,12000,3,3000
LIMA,1551 - HOSPITAL NACIONAL ARZOBISPO LOAYZA,10498,IVERMECTINA 3 mg TAB,16/07/2020,4000,3,1000
LIMA,1559 - INSTITUTO NACIONAL DE SALUD MENTAL,10511,IVERMECTINA 3 mg TAB,16/07/2020,4000,3,1000
LIMA,1560 - INSTITUTO NACIONAL DE CIENCIAS NEUROLOGICAS,10515,IVERMECTINA 3 mg TAB,16/07/2020,1600,3,400
LIMA,1563 - INSTITUTO NACIONAL DE SALUD DEL NIÑO,10509,IVERMECTINA 3 mg TAB,16/07/2020,4000,3,1000
LIMA,1566 - HOSPITAL HERMILIO VALDIZAN,10495,IVERMECTINA 3 mg TAB,16/07/2020,4000,3,1000
LIMA,1567 - HOSPITAL MARIA AUXILIADORA,10506,IVERMECTINA 3 mg TAB,16/07/2020,4000,3,1000
LIMA,1568 - HOSPITAL DE APOYO SANTA ROSA,10492,IVERMECTINA 3 mg TAB,16/07/2020,4000,3,1000
LIMA,1569- HOSPITAL DE EMERGENCIAS CASIMIRO ULLOA,10493,IVERMECTINA 3 mg TAB,16/07/2020,4000,3,1000
LIMA,1570 - HOSPITAL DE EMERGENCIAS PEDIATRICAS,10494,IVERMECTINA 3 mg TAB,16/07/2020,4000,3,1000
LIMA,1571 - HOSPITAL NACIONAL VICTOR LARCO HERRERA,10516,IVERMECTINA 3 mg TAB,16/07/2020,200,3,50
LIMA,1572 - HOSPITAL DOCENTE MADRE NIÑO-SAN BARTOLOME,10508,IVERMECTINA 3 mg TAB,16/07/2020,4000,3,1000
LIMA,1573 - HOSPITAL CARLOS LANFRANCO LA HOZ,10504,IVERMECTINA 3 mg TAB,16/07/2020,4000,3,1000
LIMA,1581 - HOSPITAL SAN JUAN DE LURIGANCHO,10501,IVERMECTINA 3 mg TAB,16/07/2020,4000,3,1000
LIMA,1584 - INSTITUTO NACIONAL DE SALUD DEL NIÑO - SAN,10510,IVERMECTINA 3 mg TAB,16/07/2020,4000,3,1000
LIMA,1584 - INSTITUTO NACIONAL DE SALUD DEL NIÑO - SAN,10510,IVERMECTINA 3 mg TAB,16/07/2020,4000,3,1000
LIMA,1585 - HOSPITAL DE HUAYCAN,10496,IVERMECTINA 3 mg TAB,16/07/2020,4000,3,1000
MOQUEGUA,DIRESA  MOQUEGUA,10430,IVERMECTINA 3 mg TAB,15/07/2020,40000,3,10000
